zone,year,month,hours_in_month,price_eur_mwh,temp_c,flow_denmark_gw,flow_finland_gw,flow_germany_gw,flow_lithuania_gw,flow_norway_gw,flow_poland_gw,flow_sum_gw,cross_border_trading_mw,nuclear_mw,fossil_gas_mw,hydro_reservoir_mw,other_mw,wind_onshore_mw,solar_mw,load_mw,residual_load_mw,renewable_share_load_pct,renewable_share_generation_pct,conventional_thermal_power_net_gwh,electricity_gas_heat_and_water_plants_gwh,hydro_power_including_pump_power_net_gwh,losses_gwh,mining_and_manufacturing_gwh,nuclear_power_condensing_net_gwh,other_residential_sector_services_etc_gwh,railways_trams_and_bus_traffic_gwh,solar_power_on_grid_gwh,total_production_gwh,total_usage_gwh,wind_power_gwh,net_position_gwh
SE1,2021,1,718,45.14814763231199,-11.519220055710303,-0.2058857938718663,-1.6146545961002785,-0.22344289693593328,-0.40041504178272963,1.301516713091922,-0.34360863509749295,-1.4864484679665737,-1836.0437325905298,6772.389972144847,0.0,10982.707520891365,1501.7158774373258,2297.291086350975,0.0,20420.288300835655,18122.99721448468,65.2973537604457,61.417270194986074,157.0,18.0,2320.0,114.0,567.0,0.0,507.0,22.0,0.0,2690.0,1228.0,213.0,1462.0
SE1,2021,2,659,43.17141122913504,-9.856449165402127,0.42162822458270105,-1.8455933232169952,0.027006069802731437,-0.49160091047040966,0.5394339908952963,-0.39323823975720773,-1.7422397572078907,-2095.1053110773905,6967.083459787557,0.0,10298.481031866464,1444.493171471927,3363.414264036419,0.0,20676.67981790592,17313.2655538695,66.80440060698027,61.64977238239758,134.0,16.0,1973.0,89.0,528.0,0.0,431.0,21.0,0.0,2491.0,1085.0,384.0,1406.0
SE1,2021,3,728,25.028104395604394,-2.385714285714286,-0.5426112637362636,-1.6079107142857143,-0.18222390109890096,-0.30322664835164814,-0.2253489010989008,-0.4783969780219776,-3.3395686813186805,-3482.70879120879,6837.391483516483,0.0,8589.791208791208,1223.4258241758241,3940.480769230769,0.0,17685.534340659342,13745.05357142857,71.23035714285714,60.65137362637361,136.0,15.0,1761.0,78.0,589.0,0.0,349.0,21.0,0.0,2460.0,1052.0,563.0,1408.0
SE1,2021,4,708,26.46871468926553,1.59774011299435,-0.6880437853107346,-1.7445677966101696,-0.4387132768361582,-0.2668926553672315,-0.6175042372881359,-0.4781935028248582,-4.233882768361583,-4407.958192090396,6903.323446327684,0.0,8182.911016949152,1084.5593220338983,3677.0141242937852,0.0,16027.358757062148,12350.344632768361,74.15395480225989,59.53276836158191,124.0,12.0,1655.0,65.0,542.0,0.0,303.0,19.0,0.0,2228.0,941.0,449.0,1287.0
SE1,2021,5,735,38.39205442176871,6.285306122448982,-0.6489346938775509,-1.4633823129251697,-0.21865850340136062,-0.18762040816326533,0.33791428571428567,-0.3542517006802725,-2.5349346938775508,-2781.0729251700673,5128.556462585034,0.0,8473.27619047619,828.8625850340136,1999.0340136054422,0.0,14193.092517006802,12194.05850340136,74.22421768707481,63.904217687074855,114.0,9.0,1665.0,61.0,575.0,0.0,226.0,18.0,2.0,2047.0,889.0,266.0,1158.0
SE1,2021,6,705,34.49492198581559,15.232340425531925,-0.5679787234042556,-1.6983886524822702,-0.07469503546099274,-0.21774893617021276,0.5296056737588651,-0.2752510638297869,-2.304398581560283,-2556.5914893617028,4622.933333333333,0.0,7511.002836879433,581.2921985815602,1864.3744680851064,0.0,12715.187234042553,10850.812765957447,73.91276595744675,64.12794326241134,100.0,8.0,1673.0,68.0,554.0,0.0,139.0,17.0,2.0,2015.0,786.0,240.0,1229.0
SE1,2021,7,733,50.93946793997275,18.604911323328793,-0.8026234652114598,-2.1262469304229192,-0.18654706684856734,-0.5429508867667123,0.7913055934515691,-0.30474624829467845,-3.171766712141882,-3296.9667121418815,4660.4188267394275,0.0,7384.710777626194,514.4201909959072,2057.843110504775,0.0,11919.792633015008,9861.949522510233,79.63969986357438,64.45088676671212,89.0,7.0,2282.0,87.0,485.0,0.0,265.0,16.0,2.0,2698.0,860.0,325.0,1838.0
SE1,2021,8,730,57.82650684931506,13.838356164383558,-0.1514986301369863,-1.711517808219178,-0.03306164383561642,-0.45949452054794526,0.054382191780822015,-0.2941739726027396,-2.5953506849315073,-2771.0268493150675,4303.102739726028,0.0,7450.560273972603,509.8205479452055,2436.321917808219,0.0,12496.732876712329,10060.410958904109,79.19561643835617,66.92082191780824,71.0,8.0,2053.0,75.0,525.0,0.0,248.0,17.0,2.0,2400.0,873.0,274.0,1527.0
SE1,2021,9,695,55.441597122302156,8.313956834532371,-0.8835179856115104,-1.6657050359712235,-0.18223597122302146,-0.214231654676259,0.41531654676259006,-0.16702014388489209,-2.6973582733812957,-2799.7477697841728,5163.552517985611,0.0,6983.051798561151,773.6244604316547,2956.853237410072,0.0,13525.805755395684,10568.952517985612,73.78071942446044,62.492805755395715,98.0,8.0,1707.0,69.0,530.0,0.0,217.0,18.0,0.0,2203.0,842.0,398.0,1361.0
SE1,2021,10,733,25.601596180081852,3.7290586630286477,-1.0322291950886766,-1.1619645293315144,-0.40712414733969976,-0.5632660300136424,-0.2519699863574352,-0.5400300136425652,-3.9565361527967258,-4046.118281036835,5888.5811732605725,0.0,7258.536152796726,849.1391541609822,4307.866302864939,0.0,14708.703956343792,10400.837653478855,79.19754433833563,63.07557980900411,106.0,9.0,1243.0,63.0,532.0,0.0,338.0,19.0,0.0,1855.0,961.0,506.0,894.0
SE1,2021,11,710,43.46207042253521,-3.5397183098591536,-0.9164507042253519,-1.7556633802816897,-0.4700788732394366,-0.4545788732394365,0.2584436619718308,-0.45407464788732316,-3.792308450704226,-3890.0130985915484,6923.26338028169,0.0,8760.297183098592,1242.6901408450703,3794.5661971830987,0.0,17180.538028169016,13385.971830985916,73.86563380281692,60.39929577464789,88.0,13.0,1478.0,84.0,545.0,0.0,403.0,21.0,0.0,2063.0,1066.0,497.0,997.0
SE1,2021,12,738,64.46029810298107,-9.10379403794038,-0.44117886178861765,-1.780852303523035,-0.26051219512195106,-0.4785975609756097,0.6741205962059624,-0.3360582655826556,-2.6229268292682932,-2711.521544715448,6783.987804878048,3.962466124661246,9887.672628726286,1742.3070460704605,3849.0046070460685,1.9635501355013552,19777.856368563687,15926.88766937669,70.19999999999999,61.61598915989157,103.0,16.0,2281.0,110.0,554.0,0.0,516.0,24.0,0.0,2886.0,1220.0,502.0,1666.0
SE1,2022,1,726,28.17818181818183,-6.501515151515155,-0.5822314049586773,-1.8593884297520658,-0.3815041322314046,-0.6430358126721774,0.30973002754820933,-0.44861157024793413,-3.6049958677685954,-3669.0428374655644,6705.553719008264,0.16501377410468326,8339.532093663911,1466.7904958677684,5693.429476584023,5.422451790633609,18976.209366391184,13277.357575757565,74.29517906336089,63.049449035812664,106.0,12.0,1698.0,96.0,570.0,0.0,482.0,22.0,4.0,2472.0,1182.0,664.0,1290.0
SE1,2022,2,655,24.493648854961823,-7.685190839694656,-0.5707114503816791,-1.8166824427480919,-0.3374671755725188,-0.5971694656488552,-0.0404274809160305,-0.31733740458015236,-3.679829007633589,-3763.1264122137445,6521.238167938931,2.8749618320610697,9026.039847328246,1317.4803053435114,5328.062595419848,22.01038167938932,18979.27786259542,13629.20580152672,76.26992366412215,64.64992366412214,84.0,11.0,1719.0,87.0,534.0,0.0,416.0,21.0,0.0,2319.0,1069.0,516.0,1250.0
SE1,2022,3,724,21.839737569060777,-1.837707182320442,-1.308368784530387,-1.2123936464088396,-0.5007430939226516,-0.5015096685082872,0.06992817679558017,-0.5030469613259665,-3.956122928176798,-3984.89406077348,6947.745165745856,0.130662983425414,8158.625,1365.3009668508284,4294.088950276244,85.2850828729282,17282.638121546963,12914.862016574583,72.88915745856355,60.02935082872929,104.0,10.0,1719.0,77.0,573.0,0.0,385.0,22.0,2.0,2481.0,1067.0,656.0,1414.0
SE1,2022,4,710,51.02825352112676,0.42647887323943606,-0.7462619718309854,-1.0669309859154932,-0.305788732394366,-0.41762253521126746,-0.3809845070422534,-0.43295492957746434,-3.3505140845070414,-3413.850845070422,6296.588309859155,0.2259154929577465,8031.7808450704215,1175.0607042253516,3108.450422535211,126.4971830985915,15654.954929577465,12420.000845070424,72.18732394366201,59.98873239436622,106.0,8.0,1677.0,68.0,519.0,0.0,368.0,20.0,2.0,2123.0,983.0,338.0,1140.0
SE1,2022,5,730,55.42860273972602,7.536986301369862,-1.1161328767123293,-1.4541082191780819,-0.33986438356164367,-0.4839698630136983,0.08870410958904108,-0.45448767123287626,-3.759810958904109,-3879.686575342464,5083.742739726027,0.1589041095890415,7029.353835616442,870.5783561643836,3659.3495890410954,169.1964383561644,13346.34794520548,9517.802876712325,81.65876712328769,64.4304109589041,86.0,5.0,1466.0,53.0,539.0,0.0,260.0,19.0,2.0,2050.0,876.0,496.0,1174.0
SE1,2022,6,712,47.46563202247189,14.654494382022472,-1.164852528089888,-2.0755688202247176,-0.27525983146067434,-0.5986587078651692,0.8315603932584271,-0.4439845505617977,-3.7267345505617984,-3824.317977528089,5101.832162921349,0.17359550561797832,7474.461095505619,560.0174157303372,2565.22345505618,196.79789325842694,12619.636235955057,9857.613483146068,81.79789325842694,64.30547752808987,94.0,5.0,1597.0,64.0,530.0,0.0,255.0,17.0,2.0,2018.0,871.0,325.0,1147.0
SE1,2022,7,730,21.272109589041104,16.710958904109596,-1.576230136986301,-2.3486945205479466,-0.4388534246575343,-0.704093150684932,0.22997808219178092,-0.5746547945205481,-5.4124616438356155,-5397.476027397262,5506.259589041096,0.1454794520547949,7603.609178082191,453.49328767123285,3016.089178082191,189.42260273972596,11795.619178082192,8590.108219178079,92.14273972602737,64.41178082191782,97.0,5.0,1837.0,76.0,495.0,0.0,304.0,16.0,2.0,2204.0,896.0,268.0,1308.0
SE1,2022,8,718,17.413649025069642,15.164623955431749,-1.3277381615598882,-2.018045961002786,-0.4299164345403901,-0.6832005571030646,0.2987479108635099,-0.5765640668523684,-4.736725626740949,-4720.697771587745,5700.49582172702,1.3905292479108657,7788.3689415041745,493.0463788300835,2566.1565459610033,164.8363509749303,12342.622562674094,9611.628133704731,85.76392757660163,62.81643454038995,52.0,5.0,2241.0,99.0,519.0,0.0,293.0,17.0,2.0,2729.0,933.0,434.0,1796.0
SE1,2022,9,710,92.83360563380283,8.980140845070421,-0.4951014084507043,-1.39823661971831,-0.36768169014084495,-0.6249098591549296,-0.43895492957746474,-0.20222535211267595,-3.5271225352112685,-3431.4053521126757,4676.857746478873,0.8449295774647877,7940.755070422541,671.6170422535208,2751.0350704225352,103.2914084507042,13054.99014084507,10200.666338028172,82.94253521126755,66.7669014084507,36.0,6.0,2403.0,91.0,499.0,0.0,298.0,18.0,0.0,2814.0,912.0,375.0,1902.0
SE1,2022,10,736,48.514415760869575,5.147690217391301,-0.7051820652173915,-1.615513586956522,-0.3610652173913045,-0.5926222826086958,-0.6684972826086958,-0.40846195652173833,-4.351471467391304,-4249.372010869565,5256.910326086957,0.18654891304347862,6602.589538043476,706.3999999999999,4514.198777173914,43.24673913043478,13103.74320652174,8546.297690217394,85.58369565217392,65.0751358695652,63.0,6.0,1906.0,75.0,509.0,0.0,363.0,19.0,0.0,2583.0,972.0,614.0,1611.0
SE1,2022,11,708,112.28303672316382,-1.8644067796610162,-0.5207824858757061,-2.3323361581920907,-0.3674477401129942,-0.5501553672316382,1.1197966101694918,-0.5496525423728809,-3.200439265536723,-3348.2981638418073,5585.4802259887,0.2521186440677967,8745.537005649716,1061.500706214689,3265.0361581920897,8.656638418079094,15770.583333333334,12496.887711864405,77.15621468926552,64.26483050847457,88.0,8.0,2050.0,98.0,530.0,0.0,393.0,20.0,0.0,2424.0,1049.0,286.0,1375.0
SE1,2022,12,733,187.9634788540247,-7.869031377899045,-0.13097680763983627,-1.4312046384720325,-0.10286084583901776,-0.5033069577080492,0.5523901773533423,-0.26239154160982253,-1.8783219645293316,-2047.764938608458,5351.738062755798,1.1899045020463892,8827.500818553888,1621.6181446111873,4147.144474761256,3.2171896316507507,18287.788540245565,14137.42810368349,71.4712141882674,64.90491132332879,93.0,11.0,2115.0,99.0,535.0,0.0,468.0,23.0,0.0,2743.0,1136.0,535.0,1607.0
SE1,2023,1,728,63.03674450549448,-5.010302197802199,-0.5461703296703299,-1.1806758241758244,-0.2878942307692307,-0.5405233516483514,-0.4610989010989015,-0.4802335164835168,-3.4965947802197803,-3670.1267857142866,5785.4876373626375,0.20521978021978066,8219.769917582418,1262.1861263736264,5415.925412087912,6.054395604395602,17653.875,12231.89684065934,77.27788461538456,65.61167582417585,89.0,12.0,2034.0,90.0,550.0,0.0,464.0,23.0,0.0,2836.0,1139.0,713.0,1697.0
SE1,2023,2,656,46.24653963414636,-5.067530487804877,-0.9502256097560978,-1.773521341463415,-0.4117149390243905,-0.6037621951219515,-0.18640091463414624,-0.507862804878049,-4.433408536585367,-4278.819207317072,5744.452743902439,0.7330792682926807,8629.334756097562,1279.6983231707316,5860.9269817073155,31.626219512195128,17598.868902439026,11706.314176829268,82.92774390243903,67.32103658536589,103.0,11.0,1847.0,80.0,511.0,0.0,439.0,21.0,0.0,2668.0,1062.0,718.0,1606.0
SE1,2023,3,729,50.19315500685871,-6.958573388203019,-0.40151028806584355,-1.1843058984910835,-0.3048806584362139,-0.42512757201646084,-0.5905116598079561,-0.4633374485596707,-3.3696008230452685,-3399.1069958847725,5411.757201646091,0.12839506172839532,8807.684636488337,1311.3087791495204,4526.91755829904,76.46652949245542,17311.832647462277,12708.445679012344,77.59327846364883,66.36995884773664,88.0,11.0,2115.0,81.0,554.0,0.0,439.0,23.0,0.0,2802.0,1108.0,599.0,1694.0
SE1,2023,4,704,58.44747159090909,0.6383522727272728,-0.9304190340909092,-0.4909076704545454,-0.4501661931818184,-0.3622855113636364,-0.6220838068181819,-0.5164715909090911,-3.3722911931818165,-3266.722585227273,5825.232812499999,0.35468749999999843,7609.128409090909,998.9639204545451,2864.495170454546,188.4832386363636,14568.369318181818,11515.39119318182,73.31278409090906,60.91903409090909,88.0,8.0,1654.0,61.0,511.0,0.0,337.0,19.0,2.0,2101.0,936.0,357.0,1165.0
SE1,2023,5,711,25.291097046413494,7.420675105485229,-0.6226160337552745,-0.2764458509142052,-0.29586919831223607,-0.5827960618846693,-1.0610070323488046,-0.4938860759493666,-3.332479606188467,-3372.082700421942,4285.432911392405,0.33305203938115396,6837.4919831223615,701.8414908579462,3345.987623066105,339.77144866385373,12545.533052039382,8859.771729957807,84.12728551336146,67.8729957805907,70.0,6.0,1339.0,53.0,515.0,0.0,269.0,18.0,3.0,1946.0,861.0,534.0,1085.0
SE1,2023,6,706,44.1515297450425,14.840793201133152,-1.1628909348441925,-0.4608753541076486,-0.15524645892351271,-0.6471529745042495,0.6167606232294618,-0.48390793201133175,-2.2933526912181295,-2228.103257790368,4820.379178470255,0.16784702549575115,5427.085835694054,473.54036827195495,2641.9349858356936,370.5766288951842,11927.116147308781,8914.601416430596,70.7686968838527,60.932152974504255,82.0,5.0,1322.0,52.0,503.0,0.0,261.0,16.0,3.0,1764.0,837.0,357.0,927.0
SE1,2023,7,728,31.98252747252748,15.838186813186827,-1.204980769230769,-1.0020824175824175,-0.42633516483516476,-0.6996098901098915,0.8892513736263733,-0.5250054945054946,-2.9687678571428577,-2990.248626373627,4872.272802197803,0.10480769230769252,5050.9193681318675,415.4192307692305,2868.608516483517,285.9001373626373,11029.361263736264,7874.855494505493,74.26909340659338,60.37513736263737,101.0,5.0,1204.0,47.0,465.0,0.0,330.0,16.0,3.0,1582.0,863.0,274.0,719.0
SE1,2023,8,733,19.998635743519785,16.334652114597542,-1.4175034106412006,-0.6176507503410643,-0.4620040927694402,-0.7060845839017752,0.4797080491132331,-0.5388390177353357,-3.2622551159618003,-3280.699454297408,4508.066712141883,0.17489768076398357,7284.362210095501,369.6628922237378,2508.134788540246,197.85143246930423,12105.905866302865,9399.919099590727,82.8673942701228,66.99849931787178,84.0,6.0,1322.0,45.0,502.0,0.0,307.0,17.0,1.0,1685.0,877.0,278.0,808.0
SE1,2023,9,695,9.336776978417268,11.65913669064748,-1.0212517985611507,-0.5808949640287772,-0.34651079136690655,-0.204138129496403,-0.068073381294964,-0.5359352517985614,-2.75669928057554,-2708.0709352517997,3994.8287769784174,0.6375539568345321,6077.414100719426,354.98273381294973,4155.914388489208,193.49266187050355,12547.539568345324,8198.125755395686,83.23510791366907,70.31237410071944,52.0,7.0,779.0,36.0,510.0,0.0,296.0,17.0,2.0,1398.0,866.0,565.0,532.0
SE1,2023,10,731,15.168495212038307,-0.3387140902872777,-1.1536114911080717,-1.0434555403556771,-0.5178823529411767,-0.5732653898768808,-0.30329685362517084,-0.28255403556771513,-3.873922024623804,-3953.5231190150485,5411.983584131327,0.28002735978112214,7919.765116279071,486.67934336525303,4500.566210670313,81.11025991792064,15006.601915184678,10424.920109439125,83.80533515731872,67.90547195622437,50.0,11.0,1463.0,69.0,519.0,0.0,411.0,20.0,0.0,1934.0,1029.0,421.0,905.0
SE1,2023,11,711,52.671251758087195,-6.62334739803094,-0.7217974683544304,-1.3452545710267232,-0.32649648382559776,-0.7052405063291142,-0.3024767932489451,-0.32666947960618836,-3.727739803094233,-3896.840506329114,6610.37552742616,0.39395218002812904,9491.30815752461,1109.9970464135017,3981.2842475386774,15.36511954992967,17766.70042194093,13770.048663853731,76.18593530239097,63.29549929676513,96.0,11.0,1818.0,88.0,532.0,0.0,503.0,22.0,0.0,2391.0,1156.0,477.0,1235.0
SE1,2023,12,732,64.24919398907102,-8.75327868852459,0.17551366120218576,-1.4958620218579244,0.05029918032786881,-0.6206898907103825,-0.4120642076502732,-0.05140573770491802,-2.3542322404371583,-2622.293715846994,6647.549180327869,0.13524590163934408,9127.220081967213,1219.8943989071036,4098.509153005463,4.542349726775957,19061.031420765026,14957.975819672127,69.67267759562841,62.437704918032786,92.0,13.0,2230.0,101.0,531.0,0.0,555.0,23.0,0.0,2713.0,1223.0,391.0,1490.0
SE1,2024,1,732,54.38158469945356,-13.2853825136612,-0.11358879781420768,-1.1396079234972671,-0.08863114754098363,-0.6478360655737712,-0.5830040983606559,-0.15394398907103818,-2.726498633879781,-2895.9778688524602,6194.463524590164,0.6642076502732224,8931.030191256827,1096.8390710382514,6382.83825136612,9.5587431693989,20315.099726775956,13922.7043715847,75.84890710382514,67.53032786885248,96.0,13.0,2161.0,102.0,558.0,0.0,577.0,24.0,0.0,3052.0,1274.0,796.0,1778.0
SE1,2024,2,676,41.03644970414203,-8.362426035502956,-0.7742855029585799,-0.7423076923076921,-0.26130917159763317,-0.6969881656804737,-0.7414008875739647,-0.4029112426035499,-3.6191227810650877,-3650.360355029585,6678.474556213017,0.41553254437869785,8625.999704142016,960.1309171597633,5648.340828402364,31.97855029585802,18872.149408284025,13191.829585798814,76.2241124260355,65.04038461538462,76.0,18.0,1805.0,83.0,535.0,0.0,492.0,19.0,0.0,2499.0,1145.0,618.0,1354.0
SE1,2024,3,732,50.16959016393441,-3.04931693989071,-0.9649303278688526,-1.4589754098360652,-0.26865846994535497,-0.492584699453552,-0.39428551912568316,-0.3568210382513658,-3.936263661202185,-4075.895765027322,6466.870218579235,0.36857923497267764,8848.64289617486,1093.9954918032788,3674.313387978143,119.71010928961744,16776.76092896175,12982.73524590164,75.41953551912566,62.210655737704926,62.0,16.0,2114.0,78.0,544.0,0.0,441.0,19.0,1.0,2613.0,1099.0,436.0,1514.0
SE1,2024,4,703,43.884054054054054,-1.0504978662873397,-0.570610241820768,-1.2678435277382645,-0.14587339971550492,-0.4660241820768137,-0.3682247510668566,-0.2781493598862019,-3.0966486486486473,-3189.479800853484,5279.312944523471,0.32318634423897596,7640.862304409673,944.9224751066859,3823.9092460881952,218.14751066856337,15313.573257467995,11271.515647226177,76.81963015647224,65.15007112375531,72.0,14.0,1496.0,62.0,529.0,0.0,357.0,17.0,2.0,2077.0,978.0,507.0,1099.0
SE1,2024,5,726,15.257300275482095,9.053856749311288,-1.1326969696969695,-0.9559628099173555,-0.3841721763085396,-0.48805509641873257,-0.918044077134986,-0.36062534435261673,-4.23942011019284,-4408.5071625344335,4778.629476584022,0.773140495867769,7680.596418732783,632.0606060606057,2840.320110192836,463.4971074380164,12515.095041322315,9211.277134986221,88.30096418732779,66.74655647382919,73.0,9.0,1166.0,49.0,523.0,0.0,265.0,16.0,5.0,1634.0,862.0,390.0,772.0
SE1,2024,6,710,21.477887323943662,15.391830985915488,-1.0356577464788734,-0.27085774647887345,-0.24707887323943653,-0.6604281690140852,-0.7631408450704226,-0.4108605633802812,-3.3879774647887317,-2740.0084507042257,4814.152112676056,0.4671830985915495,6016.494084507043,468.09380281690153,3028.7963380281703,457.94957746478883,11901.811267605633,8415.065070422537,80.10633802816898,64.00352112676059,82.0,8.0,1010.0,39.0,500.0,0.0,212.0,14.0,4.0,1434.0,774.0,338.0,660.0
SE1,2024,7,728,17.87741758241758,17.26826923076923,-1.2179601648351648,-0.030958791208791234,-0.34262499999999996,-0.6949409340659349,-0.9815343406593409,-0.4757335164835153,-3.7436304945054943,-3797.7219780219775,4884.831043956044,0.49436813186813183,5922.425961538458,430.598076923077,2797.647115384615,406.7611263736265,11211.464285714286,8007.054395604392,81.82829670329673,63.047802197802184,92.0,7.0,899.0,38.0,454.0,0.0,297.0,14.0,3.0,1267.0,810.0,272.0,457.0
SE1,2024,8,712,7.970884831460679,16.287780898876406,-1.1668300561797755,-0.7741025280898879,-0.368637640449438,-0.6925252808988763,-1.473345505617978,-0.28156460674157324,-4.756981741573033,-4827.123314606743,5824.031882022472,0.9584269662921345,5766.704494382022,375.089606741573,3988.612640449441,392.9639044943818,11984.150280898877,7602.576825842697,84.97584269662921,61.82794943820224,48.0,9.0,964.0,45.0,505.0,0.0,258.0,14.0,3.0,1534.0,831.0,519.0,703.0
SE1,2024,9,701,8.479514978601996,11.897860199714701,-1.1757517831669044,-0.685754636233951,-0.13653922967189722,-0.6272753209700437,-1.0586490727532096,0.0,-3.683927246790299,-3708.751069900144,4685.656205420827,0.6001426533523545,7059.863623395147,301.6199714693296,3776.524536376604,287.2420827389442,12838.86305278174,8775.098145506417,86.97731811697574,68.85378031383738,16.0,11.0,1141.0,49.0,500.0,0.0,244.0,15.0,2.0,1825.0,818.0,666.0,1007.0
SE1,2024,10,730,11.901041095890411,5.1657534246575345,-1.4508643835616433,-0.5384643835616438,-0.3751684931506847,-0.4841561643835616,-1.3051191780821914,-0.04585068493150685,-4.199508219178082,-4169.456301369862,5346.776849315069,0.48931506849315104,7063.5452054794505,368.7530136986303,5246.868493150683,110.52191780821916,14418.523287671233,9061.134383561643,86.4878082191781,68.35999999999997,38.0,14.0,1146.0,59.0,504.0,0.0,356.0,17.0,1.0,2021.0,949.0,836.0,1072.0
SE1,2024,11,709,21.784837799717913,-1.103667136812412,-1.3210578279266574,-0.7047291960507757,-0.43152609308885737,-0.5737207334273629,-0.7498067700987306,-0.4142482369534553,-4.195197461212977,-4237.227080394924,5676.2552891396335,0.4839210155148109,7847.425458392102,721.0417489421721,6272.377009873062,30.54287729196047,16666.339915373766,10363.41777150917,85.41678420310292,68.65246826516223,53.0,16.0,1481.0,78.0,489.0,0.0,441.0,18.0,0.0,2490.0,1043.0,956.0,1447.0
SE1,2024,12,724,10.968273480662983,-4.452071823204417,-1.4774116022099444,-0.5068480662983424,-0.5168011049723745,-0.601552486187846,-0.7182209944751378,-0.4171022099447509,-4.237932320441991,-4240.728038674035,5799.226519337017,0.7871546961325965,7483.77044198895,779.4745856353593,7469.06726519337,8.00745856353592,17546.948895027625,10069.873480662978,86.00635359116022,69.28149171270722,57.0,19.0,1353.0,84.0,510.0,0.0,533.0,19.0,0.0,2519.0,1166.0,1109.0,1353.0
SE1,2025,1,720,21.11388888888889,-8.366388888888888,-1.432568055555556,-0.7177930555555553,-0.42752777777777823,-0.5654152777777783,-0.19571111111111122,-0.4227402777777771,-3.7617652777777772,-4080.4712500000005,5801.452916666667,0.7762499999999989,9323.725277777778,874.4955555555556,6232.4218055555575,16.09027777777779,18929.22638888889,12680.710833333333,82.6398611111111,69.81402777777778,83.0,21.0,1900.0,91.0,550.0,0.0,533.0,20.0,0.0,2714.0,1214.0,730.0,1500.0
SE1,2025,2,659,11.28323216995448,-3.779210925644917,-1.5070227617602427,-1.02438846737481,-0.37927769347496243,-0.6048345978755695,0.01852655538695009,-0.5407223065250369,-4.03775569044006,-4251.976327769347,6789.684370257966,0.6362670713201827,9654.036722306524,1078.3731411229135,5020.856449165401,63.97344461305008,18962.751138088013,13877.923672230658,78.12792109256448,65.11274658573596,41.0,18.0,1813.0,76.0,497.0,0.0,424.0,18.0,0.0,2630.0,1035.0,775.0,1595.0
SE1,2025,3,721,14.737711511789186,-0.9128987517337036,-1.5221553398058252,-1.5621497919556178,-0.30416088765603355,-0.45848127600554783,-0.5882995839112345,-0.3650499306518718,-4.800399445214979,-4879.662135922331,6267.715117891817,0.8997226074895974,7831.107350901525,841.8477115117894,5637.8327323162275,236.255894590846,16436.177531206657,10562.087517337031,83.68557558945909,65.56532593619973,61.0,16.0,1573.0,75.0,533.0,0.0,418.0,18.0,2.0,2438.0,1061.0,802.0,1377.0
SE1,2025,4,707,13.038967468175391,2.688401697312588,-1.4234257425742576,-1.8073422913719945,-0.356275813295615,-0.3864016973125884,-0.03411456859971711,-0.361203677510608,-4.36873125884017,-4615.02899575672,5394.6916548797735,0.9670438472418666,7688.795190947664,733.4417256011315,3992.997171145684,387.98925035360685,14223.790664780763,9842.802545968883,85.28995756718531,66.15898161244696,59.0,12.0,1554.0,62.0,490.0,0.0,367.0,16.0,4.0,2169.0,946.0,552.0,1223.0
SE1,2025,5,722,12.875373961218838,7.257063711911355,-1.2009598337950136,-0.9475,-0.16995429362880887,-0.38892105263157895,-0.1725235457063713,-0.2591246537396122,-3.1389833795013855,-3330.0851800554015,4448.88296398892,2.434626038781163,5782.798753462602,612.4835180055401,4438.811080332408,453.13739612188357,12927.886426592799,8035.941412742384,82.96551246537398,67.55706371191131,72.0,11.0,1349.0,67.0,475.0,0.0,329.0,16.0,5.0,1968.0,897.0,542.0,1071.0
SE1,2025,6,702,2.781595441595442,12.390170940170941,-1.2589743589743583,-0.8325968660968662,-0.26229059829059825,-0.21789316239316225,-0.13924786324786334,-0.3311666666666664,-3.04231339031339,-3260.875641025639,4480.582621082621,3.0991452991453,5753.215527065527,369.5361823361821,3663.9098290598286,524.3383190883192,12228.851851851852,8040.6028490028475,81.68148148148147,66.95185185185188,84.0,8.0,969.0,42.0,466.0,0.0,293.0,17.0,5.0,1328.0,826.0,270.0,502.0
SE1,2025,7,732,12.155068306010929,19.94904371584699,-1.4484289617486332,-1.1553688524590169,-0.4854904371584695,-0.2915915300546449,-0.4985382513661203,-0.5084713114754104,-4.387950819672133,-4496.885928961748,4396.895901639344,2.8178961748633884,8025.043306010926,342.5121584699453,2070.400273224044,497.69289617486356,11432.36612021858,8864.271994535518,92.89603825136611,68.98237704918039,86.0,8.0,1945.0,66.0,484.0,0.0,285.0,14.0,7.0,2219.0,857.0,181.0,1362.0
SE1,2025,8,735,21.084312925170078,14.694013605442175,-0.8555346938775509,-1.3530598639455782,-0.19074149659863954,-0.39228979591836716,-0.2506489795918367,-0.22119591836734684,-3.2635823129251715,-3446.4262585034016,3747.8643537414964,2.7027210884353736,6900.743673469388,346.79115646258487,3572.9872108843547,453.1887074829934,12165.099319727891,8138.922721088438,90.45061224489794,72.57782312925171,35.0,9.0,1694.0,67.0,498.0,0.0,289.0,16.0,4.0,2146.0,879.0,412.0,1267.0
SE1,2025,9,707,15.677284299858558,12.169306930693075,-0.4555756718528997,-1.0740367751060826,-0.2680042432814708,-0.5238811881188118,-0.5215714285714285,-0.07799717114568602,-2.9210975954738334,-3025.476379066477,3859.2687411598304,2.206364922206507,7139.639603960398,357.4377652050919,3653.1441301273,334.08345120226306,12863.388967468176,8876.161951909475,86.87114568599718,72.4125884016973,18.0,9.0,1502.0,59.0,451.0,0.0,289.0,15.0,2.0,1967.0,823.0,445.0,1144.0
SE1,2025,10,548,15.976410036496352,5.114233576642334,-0.7179273722627733,-0.5819175182481753,-0.14240912408759107,-0.4151795620437959,-0.8806927007299273,-0.3895175182481753,-3.1277983576642345,-3217.8899635036505,4371.898175182482,2.6209854014598535,7899.535036496349,597.086496350365,4262.9970802919715,101.9204379562044,14364.726277372263,9999.804744525547,85.80310218978106,71.01551094890512,48.0,12.0,1578.0,62.0,507.0,0.0,323.0,17.0,1.0,2208.0,921.0,581.0,1287.0
SE1,2025,11,716,33.83818170391063,-4.796089385474859,-1.203885754189944,-1.266470530726257,-0.1483826815642454,-0.6186745810055867,-0.374720810055866,-0.49087332402234624,-4.103143156424582,-4116.228072625698,5700.550837988827,1.223324022346369,9060.535335195531,859.8391061452513,4689.052932960895,29.423603351955308,16490.814245810056,11772.337430167603,84.67555865921788,67.60265363128492,51.0,15.0,1919.0,87.0,526.0,0.0,411.0,18.0,0.0,2543.0,1058.0,572.0,1485.0
SE1,2025,12,743,29.018484925975773,-3.9192462987886945,-1.5835751009421264,-1.3849839838492601,-0.18607523553162797,-0.47319636608344534,-1.0308227456258419,-0.5474841184387627,-5.206197577388965,-5356.061776581425,5959.893539703902,1.0878869448183046,9227.99596231494,973.0323014804841,5816.375504710634,10.593674293405103,17014.900403768504,11187.930955585462,88.9825033647376,68.3179004037685,59.0,16.0,1899.0,94.0,526.0,0.0,434.0,18.0,0.0,2639.0,1090.0,681.0,1549.0
SE2,2021,1,718,45.02233983286908,-11.927855153203339,-0.2075891364902508,-1.6151281337047363,-0.22482311977715874,-0.4002214484679663,1.2991225626740948,-0.3435835654596098,-1.4921810584958217,-1839.2188022284117,6771.6713091922,0.0,10968.08913649025,1500.6768802228412,2307.883008356546,0.0,20408.995821727018,18101.112813370473,65.3071030640669,61.414066852367725,319.0,54.0,4290.0,280.0,627.0,0.0,975.0,26.0,0.0,5156.0,1962.0,547.0,3194.0
SE2,2021,2,668,43.16149700598803,-6.644011976047908,0.41463473053892214,-1.845215568862275,0.027559880239520943,-0.4903592814371256,0.5422829341317364,-0.39413622754491,-1.745100299401197,-2095.597005988024,6967.25748502994,0.0,10291.344311377246,1444.505988023952,3359.2784431137725,0.0,20665.05239520958,17305.77395209581,66.79640718562874,61.63173652694613,230.0,47.0,3637.0,233.0,583.0,0.0,774.0,24.0,0.0,4786.0,1661.0,919.0,3125.0
SE2,2021,3,732,25.008401639344275,-0.5670765027322404,-0.5446366120218581,-1.6046912568306009,-0.1833784153005463,-0.30228142076502723,-0.23486202185792335,-0.4780587431693982,-3.3477540983606553,-3491.9042349726774,6838.18306010929,0.0,8581.755464480875,1222.51912568306,3949.122950819672,0.0,17677.754098360656,13728.631147540984,71.26352459016394,60.65150273224043,273.0,43.0,3446.0,212.0,651.0,0.0,625.0,24.0,4.0,4958.0,1555.0,1235.0,3403.0
SE2,2021,4,689,26.352859216255435,1.3377358490566038,-0.6936835994194489,-1.7462467343976775,-0.43403773584905636,-0.2595834542815674,-0.6429521044992743,-0.47345718432510825,-4.249934687953557,-4420.273004354138,6900.9404934687955,0.0,8132.821480406386,1081.1248185776487,3707.978229317852,0.0,15981.027576197388,12273.049346879536,74.2480406386067,59.509143686502185,268.0,36.0,3283.0,198.0,598.0,0.0,536.0,22.0,7.0,4629.0,1390.0,1071.0,3239.0
SE2,2021,5,731,38.46582763337891,6.780984952120385,-0.6469151846785222,-1.4637537619699048,-0.21946374829001364,-0.18882352941176475,0.34758686730506133,-0.3524555403556774,-2.5238221614227085,-2772.9850889192885,5127.763337893297,0.0,8477.424076607387,830.0930232558139,1995.7414500683994,0.0,14206.001367989056,12210.259917920657,74.16826265389872,63.90533515731872,228.0,26.0,3534.0,180.0,636.0,0.0,405.0,20.0,8.0,4299.0,1267.0,529.0,3032.0
SE2,2021,6,703,34.362916073968705,13.492887624466572,-0.5714324324324324,-1.6938093883357048,-0.07620056899004245,-0.21657467994310098,0.524664295874822,-0.27366856330014194,-2.306958748221906,-2559.3133712660033,4623.6685633001425,0.0,7499.704125177809,580.4551920341394,1871.6429587482219,0.0,12705.633001422475,10833.990042674253,73.94480796586058,64.12147937411092,193.0,24.0,2817.0,158.0,612.0,0.0,289.0,20.0,9.0,3525.0,1103.0,506.0,2422.0
SE2,2021,7,730,51.83382191780822,16.683561643835613,-0.7966054794520547,-2.122056164383561,-0.18569999999999987,-0.5458698630136991,0.79498904109589,-0.3059273972602729,-3.1611356164383575,-3283.5616438356165,4653.187671232877,0.0,7375.694520547945,515.5904109589042,2055.621917808219,0.0,11914.068493150686,9858.446575342467,79.5882191780822,64.44534246575343,191.0,21.0,2384.0,176.0,536.0,0.0,359.0,19.0,12.0,3192.0,1111.0,605.0,2081.0
SE2,2021,8,727,57.64565337001373,11.903301237964232,-0.14970701513067391,-1.7137661623108666,-0.031459422283356284,-0.4619573590096288,0.053627235213204984,-0.29407290233837674,-2.597325997248969,-2776.274828060522,4298.030261348005,0.0,7449.757909215956,510.18156808803303,2457.012379642366,0.0,12510.284731774416,10053.27235213205,79.28335625859698,66.99477303988992,209.0,23.0,2567.0,162.0,581.0,0.0,385.0,19.0,9.0,3508.0,1170.0,723.0,2338.0
SE2,2021,9,700,55.561228571428565,8.41857142857143,-0.8875371428571428,-1.670841428571429,-0.1815414285714285,-0.2153771428571428,0.4261100000000002,-0.16867857142857143,-2.697835714285716,-2803.829,5175.274285714286,0.0,7000.257142857143,774.1014285714285,2948.9014285714284,0.0,13551.345714285715,10602.444285714286,73.71114285714286,62.46485714285718,181.0,23.0,2531.0,173.0,586.0,0.0,419.0,21.0,4.0,3634.0,1222.0,918.0,2412.0
SE2,2021,10,697,26.09403156384505,5.354375896700142,-1.0527632711621229,-1.1730602582496414,-0.41076470588235275,-0.5591047345767571,-0.1798766140602582,-0.5379512195121948,-3.9134777618364405,-3991.063701578192,5943.472022955523,0.0,7404.975609756098,866.0803443328551,4153.856527977045,0.0,14822.268292682927,10668.411764705883,78.49139167862266,62.80301291248206,141.0,27.0,3009.0,195.0,588.0,0.0,479.0,22.0,2.0,4492.0,1311.0,1340.0,3181.0
SE2,2021,11,707,43.26974540311174,-0.8985855728429986,-0.9123323903818953,-1.7557015558698732,-0.4704328147100426,-0.45487128712871294,0.255960396039604,-0.4533677510608197,-3.790656294200849,-3890.914851485149,6923.3083451202265,0.0,8758.414427157002,1242.6096181046676,3796.995756718529,0.0,17182.4243281471,13385.42857142857,73.86421499292784,60.40028288543141,252.0,37.0,3523.0,220.0,603.0,0.0,669.0,24.0,0.0,4924.0,1553.0,1149.0,3371.0
SE2,2021,12,734,64.79967302452319,-6.105858310626702,-0.4383910081743869,-1.7796416893732978,-0.25908719346049014,-0.4788038147138965,0.6783174386920986,-0.3343814713896454,-2.611837874659401,-2702.2472752043586,6782.930517711172,3.984059945504088,9896.591008174386,1743.1866485013618,3836.1998637602182,1.9573569482288828,19784.84741144414,15946.689782016345,70.15531335149863,61.60967302452314,298.0,47.0,3802.0,287.0,612.0,0.0,864.0,27.0,0.0,5356.0,1837.0,1256.0,3519.0
SE2,2022,1,725,28.08224827586207,-3.520827586206897,-0.5872413793103447,-1.8605944827586207,-0.3839227586206896,-0.6441158620689661,0.30594482758620706,-0.4504772413793105,-3.6203572413793115,-3683.5310344827603,6708.115862068966,0.1652413793103447,8331.426068965515,1466.284551724138,5725.964275862068,5.466482758620687,18987.89517241379,13256.464689655166,74.38703448275865,63.09089655172413,275.0,53.0,3450.0,269.0,654.0,0.0,734.0,26.0,0.0,5454.0,1736.0,1729.0,3718.0
SE2,2022,2,652,24.808082822085883,-4.8062883435582835,-0.5678588957055217,-1.8297561349693252,-0.33661963190184024,-0.5967592024539878,-0.020277607361963088,-0.3144693251533738,-3.6657745398773005,-3749.4799079754594,6533.420245398773,2.8881901840490807,9025.525766871164,1319.6677914110433,5321.623926380369,22.344171779141114,19006.699386503067,13662.73236196319,76.12315950920245,64.59478527607365,228.0,51.0,3296.0,251.0,613.0,0.0,665.0,24.0,0.0,4958.0,1604.0,1434.0,3354.0
SE2,2022,3,728,21.91002747252747,0.7475274725274724,-1.3099340659340664,-1.2143392857142856,-0.5020673076923073,-0.49884065934065913,0.07346016483516486,-0.5026964285714283,-3.954406593406594,-3983.2535714285696,6946.995192307692,0.1303571428571425,8160.434752747253,1366.4134615384612,4298.854120879122,86.04917582417585,17291.38324175824,12918.014697802197,72.90336538461537,60.04333791208793,242.0,47.0,3298.0,268.0,658.0,0.0,608.0,25.0,6.0,5214.0,1606.0,1668.0,3608.0
SE2,2022,4,707,51.989264497878374,1.548656294200849,-0.7454794908062231,-1.0698401697312587,-0.3024582743988682,-0.4158500707213577,-0.37846110325318233,-0.43027581329561493,-3.34233097595474,-3404.463224893919,6292.145261669024,0.2267326732673266,8045.176237623763,1175.9231966053749,3098.688967468176,126.8889674681754,15661.03818953324,12435.454172560118,72.1878359264498,60.00990099009901,275.0,35.0,3197.0,225.0,596.0,0.0,545.0,23.0,9.0,4398.0,1424.0,917.0,2974.0
SE2,2022,5,735,55.35080272108845,7.499999999999999,-1.1164843537414968,-1.4532367346938768,-0.34110204081632634,-0.4838244897959182,0.09151700680272107,-0.45467482993197245,-3.757759183673469,-3882.1968707482984,5082.603401360544,0.15850340136054433,7029.989795918369,869.8212244897962,3663.153197278912,168.86802721088435,13352.510204081633,9520.489659863948,81.65523809523812,64.44721088435374,250.0,23.0,3029.0,226.0,619.0,0.0,406.0,21.0,13.0,4517.0,1295.0,1225.0,3222.0
SE2,2022,6,705,48.166397163120585,13.678723404255319,-1.161621276595745,-2.0780496453900703,-0.2723971631205675,-0.5975219858156033,0.8384099290780143,-0.4428907801418439,-3.7140411347517723,-3811.8997163120557,5101.451063829787,0.17432624113475248,7480.577304964539,561.0787234042551,2562.4260992907803,196.24212765957452,12634.670921985815,9876.001418439719,81.7255319148936,64.30851063829788,216.0,23.0,3236.0,210.0,608.0,0.0,315.0,20.0,14.0,4298.0,1176.0,832.0,3122.0
SE2,2022,7,721,21.370693481276007,13.20748959778086,-1.5770970873786412,-2.3517739251040233,-0.4390804438280168,-0.7047156726768381,0.23791400832177556,-0.5743966712898753,-5.409066574202496,-5395.002080443827,5501.848127600555,0.14646324549237183,7616.228848821082,453.49195561719824,3007.509847434119,188.94535367545072,11799.267683772538,8602.813730929267,92.14868238557558,64.43703190013869,206.0,23.0,3421.0,235.0,568.0,0.0,354.0,19.0,12.0,4705.0,1199.0,1066.0,3506.0
SE2,2022,8,734,49.76408719346048,14.169073569482286,-1.3295980926430517,-2.0223719346049047,-0.42848637602179857,-0.6835449591280658,0.3015994550408718,-0.5763814713896465,-4.738797002724797,-4722.805040871933,5704.510899182561,1.4850136239782041,7790.212534059944,493.59373297002765,2560.997138964577,168.55490463215259,12345.730245231607,9616.177111716619,85.7527247956403,62.80122615803811,214.0,24.0,2990.0,239.0,595.0,0.0,349.0,20.0,12.0,4049.0,1227.0,833.0,2822.0
SE2,2022,9,712,93.46853932584273,8.802668539325845,-0.49053792134831464,-1.4033117977528096,-0.366002808988764,-0.6249564606741577,-0.4405056179775281,-0.20478651685393245,-3.5301109550561796,-3433.5289325842696,4677.738764044944,0.842275280898875,7943.6811797752825,672.2594101123598,2752.884971910113,103.48117977528086,13057.405898876405,10201.042696629216,82.96516853932584,66.77176966292139,187.0,25.0,2866.0,231.0,572.0,0.0,400.0,21.0,8.0,3827.0,1249.0,766.0,2578.0
SE2,2022,10,736,49.37960597826087,5.763315217391304,-0.708529891304348,-1.6133532608695653,-0.3612866847826087,-0.5914891304347829,-0.6674850543478259,-0.40846467391304264,-4.350732336956523,-4248.460190217391,5256.599184782609,0.18641304347826132,6602.834510869564,706.5630434782607,4514.092391304348,43.21345108695653,13105.138586956522,8547.832608695655,85.573097826087,65.07622282608695,173.0,27.0,2815.0,226.0,584.0,0.0,470.0,22.0,5.0,4487.0,1329.0,1494.0,3158.0
SE2,2022,11,705,111.19731914893617,0.0836879432624103,-0.5213801418439716,-2.337144680851064,-0.36978723404255304,-0.5508439716312057,1.1211929078014182,-0.5502808510638297,-3.2081063829787237,-3354.817730496454,5586.812765957447,0.2104964539007097,8755.160567375882,1060.5148936170212,3255.0992907801424,8.669078014184395,15763.30780141844,12499.536595744677,77.17035460992909,64.26056737588654,186.0,37.0,3451.0,236.0,608.0,0.0,564.0,23.0,0.0,4344.0,1468.0,707.0,2876.0
SE2,2022,12,734,188.03516348773843,-6.564032697547681,-0.12964168937329704,-1.4279455040871933,-0.10206675749318803,-0.5031403269754767,0.5545980926430518,-0.2639972752043596,-1.8721648501362402,-2042.8464577656675,5352.291553133515,1.188147138964578,8827.025068119889,1621.811989100818,4149.542098092644,3.236512261580382,18299.374659400546,14146.597411444145,71.44523160762945,64.90640326975478,214.0,50.0,3522.0,288.0,613.0,0.0,789.0,26.0,0.0,5004.0,1766.0,1268.0,3238.0
SE2,2023,1,730,62.94775342465753,-4.522328767123286,-0.5361301369863014,-1.187146575342466,-0.28565616438356173,-0.5412972602739725,-0.45661643835616444,-0.4785630136986301,-3.4854095890410965,-3661.911369863014,5785.5191780821915,0.20534246575342502,8208.004383561643,1262.1365753424652,5402.215890410959,6.063150684931505,17641.63698630137,12233.359315068492,77.1853424657534,65.5660273972603,256.0,54.0,2886.0,272.0,631.0,0.0,699.0,26.0,0.0,4783.0,1682.0,1641.0,3101.0
SE2,2023,2,664,46.29703313253012,-2.6198795180722896,-0.9573448795180718,-1.7720015060240963,-0.4123147590361449,-0.6034728915662653,-0.18198795180722893,-0.5075753012048195,-4.434623493975907,-4281.264156626506,5744.993975903614,0.725150602409636,8629.404969879515,1279.8775602409637,5867.1670180722895,31.80120481927712,17605.859939759037,11706.890512048196,82.92936746987957,67.3292168674699,259.0,49.0,2763.0,253.0,586.0,0.0,620.0,24.0,3.0,4900.0,1532.0,1875.0,3368.0
SE2,2023,3,734,50.26628065395095,-5.357901907356949,-0.40269482288828334,-1.1761239782016348,-0.3063283378746593,-0.42461852861035404,-0.593734332425068,-0.4654291553133515,-3.3688514986376012,-3397.9046321525884,5411.389645776567,0.12792915531335214,8806.672479564033,1311.1245231607625,4527.254495912806,76.68337874659402,17311.877384196185,12707.93651226158,77.59400544959132,66.37043596730246,299.0,52.0,3207.0,251.0,635.0,0.0,690.0,26.0,6.0,4872.0,1654.0,1360.0,3218.0
SE2,2023,4,707,58.47200848656291,1.7782178217821782,-0.9221980198019796,-0.49708628005657707,-0.4519957567185292,-0.36299151343705816,-0.6236379066478077,-0.5171951909476664,-3.3750664780763797,-3264.9404526166895,5822.124328147101,0.3537482319660522,7617.604384724183,998.7595473833096,2866.2033946251763,187.49646393210745,14571.933521923622,11518.234087694487,73.36053748231966,60.95346534653461,263.0,38.0,2619.0,194.0,586.0,0.0,535.0,21.0,13.0,3690.0,1374.0,795.0,2316.0
SE2,2023,5,734,24.95311989100817,7.628337874659402,-0.6481117166212533,-0.2642643051771116,-0.29773978201634876,-0.5850136239782014,-1.0397098092643058,-0.49697138964577614,-3.3316743869209806,-3366.455585831062,4265.61348773842,0.3282016348773847,6783.579019073571,696.1286103542233,3422.321525885557,334.82683923705724,12542.24795640327,8785.097411444145,84.29768392370576,68.03297002724796,254.0,25.0,2622.0,226.0,591.0,0.0,395.0,21.0,23.0,4061.0,1258.0,1162.0,2803.0
SE2,2023,6,709,44.264753173483776,14.015655853314525,-1.1574090267983075,-0.46310578279266573,-0.1519858956276446,-0.6462087447108608,0.6167644569816643,-0.48185613540197486,-2.2838349788434407,-2218.867559943583,4820.359238363893,0.167559943582511,5438.848942172074,471.9385049365304,2624.0918194640335,366.51875881523284,11925.38293370945,8934.769252468262,70.68533145275036,60.91311706629053,193.0,24.0,1943.0,164.0,577.0,0.0,335.0,19.0,21.0,3105.0,1118.0,948.0,1987.0
SE2,2023,7,729,32.01633744855968,13.790534979423866,-1.2068010973936902,-0.9962620027434843,-0.42683401920438946,-0.6985610425240072,0.8830946502057611,-0.5236707818930044,-2.9690329218107006,-2986.1299039780515,4874.7525377229085,0.10507544581618666,5045.000823045267,414.6385459533605,2864.6519890260633,284.5670781893004,11019.474622770918,7870.258436213991,74.24293552812074,60.33593964334706,198.0,24.0,1693.0,117.0,534.0,0.0,388.0,18.0,17.0,2585.0,1081.0,677.0,1504.0
SE2,2023,8,736,19.99828804347826,13.73451086956522,-1.4280339673913045,-0.6164932065217393,-0.46430842391304317,-0.7061942934782626,0.4898057065217388,-0.5393817934782623,-3.2644823369565237,-3285.2112771739125,4511.007065217392,0.17445652173913045,7287.275951086958,369.0447010869563,2502.479211956522,195.76983695652171,12099.820652173914,9401.571059782613,82.86508152173917,66.97676630434782,191.0,26.0,2713.0,179.0,576.0,0.0,350.0,19.0,12.0,3671.0,1150.0,755.0,2521.0
SE2,2023,9,702,9.287962962962968,11.363817663817667,-1.0239786324786322,-0.5745142450142449,-0.34870370370370407,-0.2051652421652421,-0.06804843304843292,-0.5347236467236468,-2.7550341880341875,-2704.050997150997,3992.2207977207977,0.6317663817663816,6072.894301994303,355.2971509971509,4162.483618233618,194.6606837606837,12548.766381766382,8191.615099715101,83.24928774928775,70.3314814814815,146.0,30.0,2406.0,150.0,585.0,0.0,328.0,20.0,10.0,3918.0,1113.0,1356.0,2805.0
SE2,2023,10,729,15.100425240054868,1.53360768175583,-1.1544622770919064,-1.0408834019204387,-0.5209327846364883,-0.5749684499314129,-0.3129698216735255,-0.2837215363511657,-3.8877860082304534,-3965.805212620028,5411.137174211248,0.2803840877914958,7913.055418381347,486.0979423868312,4520.471604938271,80.36611796982166,15002.582990397805,10401.740054869684,83.90233196159122,67.93278463648832,141.0,48.0,3283.0,200.0,595.0,0.0,516.0,23.0,5.0,4573.0,1382.0,1144.0,3191.0
SE2,2023,11,707,53.00545968882601,-6.129278642149929,-0.7232164073550211,-1.3478613861386137,-0.3231966053748232,-0.7050042432814715,-0.2894285714285712,-0.32493635077793476,-3.713455445544555,-3880.068458274399,6608.019801980198,0.395756718528995,9498.015841584156,1111.9162659123056,3960.003677510609,15.466053748231955,17766.390381895333,13790.918528995757,76.10678925035359,63.27072135785012,245.0,50.0,3642.0,256.0,611.0,0.0,702.0,25.0,0.0,5086.0,1644.0,1199.0,3442.0
SE2,2023,12,732,64.32766393442621,-9.052049180327867,0.16862295081967218,-1.4911325136612021,0.04920491803278685,-0.6199795081967213,-0.4103688524590163,-0.05298633879781421,-2.356655737704918,-2620.657650273224,6646.9098360655735,0.13524590163934394,9125.167213114757,1220.1657103825135,4107.9948087431685,4.537021857923498,19065.390710382515,14952.854644808745,69.70601092896173,62.456010928961746,292.0,60.0,3418.0,250.0,609.0,0.0,850.0,26.0,0.0,4623.0,1795.0,913.0,2828.0
SE2,2024,1,736,54.38652173913043,-7.593478260869564,-0.10383016304347824,-1.1343872282608694,-0.08609646739130437,-0.6469877717391312,-0.591773097826087,-0.15337092391304347,-2.7163355978260877,-2890.0069293478255,6195.690217391304,0.6866847826086943,8919.347961956526,1095.9940217391309,6393.902717391304,9.512907608695638,20323.466032608696,13920.051902173916,75.81385869565217,67.52826086956524,261.0,58.0,3201.0,293.0,640.0,0.0,839.0,27.0,0.0,5306.0,1856.0,1843.0,3450.0
SE2,2024,2,682,41.33532258064516,-5.410703812316712,-0.7720205278592372,-0.7432316715542521,-0.26220234604105563,-0.6968665689149564,-0.7300571847507336,-0.4015777126099705,-3.605878299120235,-3636.7743401759526,6678.759237536657,0.4134897360703809,8647.787976539586,960.8954545454549,5619.461583577711,32.05307917888565,18880.233137829913,13228.718328445748,76.15571847507333,65.02551319648096,263.0,37.0,2988.0,252.0,613.0,0.0,725.0,24.0,2.0,4882.0,1651.0,1629.0,3231.0
SE2,2024,3,737,50.27641791044776,-0.8409769335142473,-0.9564165535956582,-1.4659511533242875,-0.2674911804613295,-0.4942781546811396,-0.38970827679782893,-0.35756852103120734,-3.931417910447761,-4069.9579375848043,6468.867028493894,0.3681139755766621,8851.667842605153,1093.6402985074626,3662.0366350067857,118.4531886024423,16772.671641791047,12992.18005427408,75.37381275440978,62.1776119402985,277.0,34.0,3057.0,210.0,624.0,0.0,660.0,24.0,7.0,4326.0,1552.0,985.0,2774.0
SE2,2024,4,706,44.067535410764876,1.33371104815864,-0.575114730878187,-1.2645793201133146,-0.14842492917847028,-0.467029745042493,-0.3674220963172805,-0.283009915014164,-3.1055141643059496,-3201.9155807365437,5276.264872521247,0.32110481586402273,7635.2984419263485,944.4658640226631,3835.851558073655,217.02025495750712,15308.202549575071,11255.330028328606,76.87620396600565,65.171388101983,249.0,30.0,2564.0,160.0,606.0,0.0,556.0,22.0,14.0,3875.0,1373.0,1047.0,2502.0
SE2,2024,5,727,15.215378266850061,13.218569463548834,-1.1299518569463545,-0.9593562585969746,-0.3834566712517189,-0.489590096286107,-0.9218376891334248,-0.3615419532324618,-4.2455969738652,-4415.287895460798,4779.320495185694,0.7723521320495186,7683.48872077029,630.1160935350755,2848.246079779918,459.9048143053644,12518.022008253094,9209.870563961487,88.3448418156809,66.76781292984869,210.0,19.0,3348.0,171.0,600.0,0.0,384.0,20.0,32.0,4446.0,1193.0,856.0,3253.0
SE2,2024,6,702,21.364814814814807,12.700142450142451,-1.035633903133903,-0.2715769230769232,-0.24421225071225064,-0.660387464387465,-0.7712564102564103,-0.4095598290598288,-3.3925868945868953,-2735.4017094017095,4813.995726495727,0.4680911680911682,6023.920655270657,469.26339031339035,3020.259116809117,459.697150997151,11897.972934472935,8418.016381766387,80.12991452991453,63.99786324786326,189.0,17.0,2528.0,157.0,574.0,0.0,354.0,18.0,25.0,3683.0,1120.0,941.0,2563.0
SE2,2024,7,726,17.781473829201104,14.15564738292011,-1.2174641873278238,-0.031836088154269984,-0.34315289256198334,-0.6948044077134993,-0.9839504132231409,-0.47509366391184465,-3.7461804407713495,-3799.68953168044,4884.422865013774,0.4955922865013773,5913.647658402203,431.0370523415979,2806.840082644628,409.2657024793388,11213.717630853995,7997.610055096418,81.83608815426997,63.05482093663908,201.0,15.0,2394.0,133.0,521.0,0.0,402.0,18.0,20.0,3498.0,1089.0,883.0,2409.0
SE2,2024,8,716,7.650097765363132,14.278910614525136,-1.1688310055865925,-0.7653477653631284,-0.36970810055865916,-0.6926173184357542,-1.4705516759776538,-0.2798547486033522,-4.7468882681564235,-4815.974720670391,5820.514944134078,0.9558659217877087,5755.591061452515,374.0561452513964,3990.4895251396633,390.597067039106,11977.613128491621,7596.529748603351,84.93016759776538,61.82346368715085,227.0,19.0,2332.0,148.0,579.0,0.0,389.0,18.0,18.0,4006.0,1153.0,1429.0,2853.0
SE2,2024,9,703,9.65611664295875,10.445803698435274,-1.1826586059743953,-0.6810113798008532,-0.1380711237553342,-0.6279772403982938,-1.0538364153627309,0.0,-3.68351493598862,-3713.1130867709808,4684.203413940256,0.5988620199146523,7067.959032716925,301.00184921763866,3766.856472261737,286.1009957325747,12835.51493598862,8782.55945945946,86.97411095305833,68.85689900426742,133.0,23.0,2898.0,172.0,573.0,0.0,378.0,19.0,14.0,4283.0,1166.0,1237.0,3117.0
SE2,2024,10,727,12.650990371389266,5.357359009628609,-1.4473906464924349,-0.5405405777166438,-0.3749491059147182,-0.4848211829436039,-1.3120275103163688,-0.047061898211829434,-4.206682255845943,-4175.767262723521,5347.974002751032,0.488170563961486,7055.028610729024,368.94484181568083,5261.96423658872,108.20000000000003,14415.207702888583,9045.044979367261,86.54071526822554,68.36258596973866,126.0,30.0,3083.0,215.0,578.0,0.0,496.0,21.0,7.0,4900.0,1340.0,1685.0,3560.0
SE2,2024,11,700,15.963599999999996,0.4772857142857145,-1.3131014285714284,-0.7128471428571428,-0.42832142857142846,-0.5739000000000001,-0.7551499999999999,-0.4175885714285713,-4.201010000000001,-4237.260142857145,5677.494285714286,0.48300000000000093,7865.992500000003,721.3292857142856,6249.344714285713,30.02257142857143,16655.18857142857,10375.819142857146,85.46242857142856,68.64057142857145,183.0,34.0,3101.0,256.0,560.0,0.0,682.0,23.0,2.0,5339.0,1555.0,2053.0,3784.0
SE2,2024,12,724,9.860635359116017,-1.9839779005524862,-1.4777127071823202,-0.5152886740331492,-0.5162569060773472,-0.6012140883977909,-0.7194903314917126,-0.41925138121546907,-4.249204419889504,-4255.387016574585,5799.517955801105,0.786049723756906,7516.001657458569,778.0982044198896,7442.917679558012,8.024447513812161,17539.990331491714,10089.046961325965,86.0733425414365,69.29751381215469,190.0,40.0,3146.0,282.0,585.0,0.0,807.0,24.0,0.0,5768.0,1739.0,2432.0,4029.0
SE2,2025,1,731,21.208891928864563,-4.013953488372094,-1.4324952120383034,-0.7067729138166897,-0.4308358413132695,-0.5657551299589608,-0.20315047879617,-0.4236867305061553,-3.7627086183310556,-4086.284268125855,5801.662243502052,0.7752393980848141,9278.421614227087,872.1701778385768,6279.869904240772,15.673597811217528,18928.45143638851,12632.90437756498,82.64322845417239,69.82298221614226,199.0,43.0,3657.0,297.0,614.0,0.0,813.0,25.0,0.0,5770.0,1792.0,1914.0,3978.0
SE2,2025,2,662,12.771586102719032,-3.211631419939575,-1.4990740181268882,-1.0304501510574016,-0.37982628398791574,-0.6045090634441094,0.01884592145015099,-0.5384018126888208,-4.033459214501511,-4244.357703927493,6791.495468277945,0.6356495468277948,9667.199546827791,1080.5361027190331,5011.2933534743215,65.62945619335348,18974.787009063442,13897.866918429003,78.10362537764352,65.11148036253775,193.0,38.0,3389.0,272.0,521.0,0.0,742.0,23.0,4.0,5100.0,1596.0,1514.0,3504.0
SE2,2025,3,725,10.208206896551726,0.9180689655172417,-1.528215172413794,-1.5645420689655174,-0.3006358620689657,-0.4594206896551726,-0.5832275862068965,-0.3684179310344821,-4.804561379310345,-4885.967034482759,6267.773931034482,0.8965517241379306,7825.226758620693,840.7329655172416,5643.021655172415,229.3455172413793,16422.415172413792,10550.046896551721,83.71158620689651,65.5577931034483,226.0,33.0,2969.0,227.0,586.0,0.0,685.0,23.0,12.0,4928.0,1554.0,1720.0,3374.0
SE2,2025,4,704,13.15120738636364,4.58125,-1.426525568181818,-1.8201576704545455,-0.35807954545454523,-0.3849332386363635,-0.02642329545454548,-0.3607911931818179,-4.376880681818181,-4622.945738636365,5394.028409090909,0.9490056818181813,7722.456534090911,734.1090909090908,3966.067329545454,387.59218749999997,14226.248579545454,9872.586931818181,85.32130681818181,66.1711647727273,210.0,24.0,3166.0,208.0,543.0,0.0,563.0,21.0,19.0,4738.0,1360.0,1343.0,3378.0
SE2,2025,5,716,14.22135474860335,6.358379888268157,-1.2062723463687155,-0.9555041899441346,-0.1766187150837988,-0.3918966480446928,-0.1611969273743018,-0.26458659217877095,-3.1560754189944116,-3347.2325418994437,4449.182262569832,2.4378491620111746,5846.101815642457,614.371089385475,4391.621927374302,452.28114525139665,12930.567039106145,8086.667458100559,83.06131284916201,67.58645251396646,193.0,23.0,2493.0,214.0,545.0,0.0,483.0,20.0,21.0,4112.0,1285.0,1405.0,2827.0
SE2,2025,6,709,4.562059238363894,11.435119887165024,-1.252176304654443,-0.8270691114245412,-0.25938222849083226,-0.21924682651621988,-0.14019464033850498,-0.3309619181946402,-3.029176304654443,-3248.494499294781,4477.023977433004,3.0929478138222852,5756.158956276446,369.32581100141044,3651.620451339915,524.4905500705216,12228.899858956276,8052.787870239774,81.59534555712271,66.94428772919603,166.0,18.0,2709.0,173.0,552.0,0.0,394.0,21.0,23.0,3864.0,1159.0,966.0,2705.0
SE2,2025,7,726,14.312162534435263,18.025344352617076,-1.4469586776859504,-1.1537851239669428,-0.48451239669421436,-0.2907809917355373,-0.5025440771349863,-0.5075977961432511,-4.3862300275482085,-4492.9585399449015,4391.45564738292,2.7995867768595035,8027.282231404958,342.75730027548207,2066.418181818182,503.03966942148776,11433.231404958678,8863.773278236917,92.9280991735537,69.01969696969697,177.0,16.0,3262.0,215.0,538.0,0.0,380.0,18.0,28.0,4007.0,1167.0,540.0,2840.0
SE2,2025,8,731,20.892558139534884,12.762106703146376,-0.8529001367989056,-1.3506867305061563,-0.18749110807113542,-0.39111491108071134,-0.24564842681258556,-0.21727633378932965,-3.2452284541723655,-3429.186320109439,3751.6064295485635,2.703146374829001,6927.614090287277,346.9749658002736,3533.864569083448,453.084952120383,12174.034199726402,8187.083994528044,90.28194254445964,72.53939808481535,182.0,19.0,2621.0,190.0,562.0,0.0,391.0,21.0,21.0,4050.0,1182.0,1226.0,2868.0
SE2,2025,9,708,15.006864406779657,11.297740112994353,-0.4460480225988702,-1.0739435028248592,-0.26477824858757043,-0.5253177966101694,-0.5260536723163838,-0.07709604519774015,-2.9132711864406766,-3019.7039548022603,3856.1935028248586,2.2111581920903953,7153.706920903956,358.2464689265537,3640.7846045197753,334.34223163841796,12872.922316384182,8897.795903954804,86.81949152542374,72.42669491525426,153.0,18.0,2747.0,200.0,518.0,0.0,424.0,19.0,10.0,3949.0,1179.0,1038.0,2770.0
SE2,2025,10,540,15.284427777777783,4.740185185185187,-0.7139696296296294,-0.5722594444444443,-0.14303296296296275,-0.40789240740740756,-0.8866116666666667,-0.3888437037037038,-3.1127668518518528,-3204.3927777777785,4369.6457407407415,2.6372222222222224,7904.750370370369,594.9153703703705,4264.110370370369,101.08425925925926,14384.594444444445,10019.395740740743,85.71314814814816,71.04425925925926,96.0,25.0,3028.0,240.0,516.0,0.0,535.0,22.0,5.0,4455.0,1337.0,1326.0,3118.0
SE2,2025,11,711,31.569018002812925,0.04191279887482408,-1.2004300984528828,-1.261523628691983,-0.14790014064697568,-0.6186495077355838,-0.3866022503516171,-0.4892846694796062,-4.104524613220817,-4121.332489451477,5700.966807313643,1.2202531645569623,9046.070323488048,860.8821378340368,4712.098452883264,28.26680731364275,16497.413502109706,11757.048101265827,84.6929676511955,67.60900140646974,205.0,32.0,3378.0,242.0,584.0,0.0,691.0,23.0,1.0,4999.0,1573.0,1414.0,3426.0
SE2,2025,12,738,29.56359742547426,-0.6398373983739837,-1.5808985094850947,-1.3903140921409216,-0.18586571815718098,-0.4748745257452572,-1.0228487804878048,-0.5471802168021686,-5.202041327913277,-5351.7121951219515,5956.04864498645,1.0852303523035234,9244.762872628724,974.1090785907855,5791.780894308944,10.520189701897008,17005.676151761516,11203.374796747967,88.9890243902439,68.31585365853657,241.0,34.0,3676.0,266.0,583.0,0.0,739.0,23.0,0.0,5650.0,1644.0,1733.0,4006.0
SE3,2021,1,721,49.091081830790564,-2.717059639389738,-0.20625936199722622,-1.6144951456310679,-0.22550208044382808,-0.40283911234396647,1.3051733703190014,-0.34586685159500674,-1.4897489597780855,-1839.0256588072125,6771.722607489598,0.0,10977.893203883496,1501.636615811373,2303.8127600554785,0.0,20418.36477115118,18114.5520110957,65.30416088765604,61.42052704576975,1000.0,337.0,1320.0,536.0,2385.0,5000.0,5995.0,189.0,4.0,7868.0,9442.0,544.0,-1574.0
SE3,2021,2,667,53.147301349325325,-3.894302848575712,0.4131874062968517,-1.8422998500749623,0.028845577211394306,-0.48755922038980504,0.5410404797601202,-0.39257721139430257,-1.739227886056971,-2094.016191904048,6967.116941529235,0.0,10295.700149925038,1446.446776611694,3365.4587706146926,0.0,20682.986506746627,17317.527736131935,66.79175412293854,61.6449775112444,916.0,292.0,1077.0,513.0,2220.0,4644.0,5701.0,179.0,13.0,7400.0,8905.0,750.0,-1505.0
SE3,2021,3,730,36.18709589041097,2.0847945205479452,-0.5414287671232875,-1.612660273972603,-0.1826301369863012,-0.3038356164383561,-0.2297328767123288,-0.47809178082191733,-3.3482287671232855,-3494.139999999999,6840.226027397261,0.0,8585.98904109589,1223.7328767123288,3954.3164383561643,0.0,17692.645205479454,13738.328767123288,71.24972602739727,60.65726027397259,829.0,270.0,985.0,451.0,2479.0,5040.0,5020.0,179.0,55.0,7761.0,8399.0,852.0,-638.0
SE3,2021,4,708,32.967372881355935,3.5009887005649714,-0.6818389830508476,-1.7480762711864408,-0.43543502824858743,-0.2663884180790959,-0.6238601694915256,-0.47740677966101636,-4.232966101694918,-4409.995762711866,6902.3785310734465,0.0,8164.059322033899,1082.6398305084747,3691.9533898305085,0.0,16020.666666666666,12328.713276836159,74.1624293785311,59.53418079096045,651.0,221.0,820.0,402.0,2278.0,4929.0,4295.0,161.0,98.0,7287.0,7357.0,789.0,-70.0
SE3,2021,5,734,43.05217983651225,9.113079019073568,-0.6392234332425067,-1.4673787465940056,-0.21680926430517716,-0.1898106267029972,0.35102043596730237,-0.3547356948228886,-2.5169346049046317,-2765.5337874659394,5121.538147138965,0.0,8483.701634877385,829.641689373297,1992.4659400544958,0.0,14209.876021798365,12217.410081743868,74.16893732970026,63.939373297002724,557.0,164.0,948.0,347.0,2420.0,3772.0,3679.0,149.0,88.0,5835.0,6759.0,470.0,-924.0
SE3,2021,6,709,39.823497884344135,17.207757404795487,-0.5760126939351202,-1.694730606488012,-0.07569816643159358,-0.21494922425952037,0.5234527503526094,-0.2736375176304653,-2.3115077574047946,-2562.4523272214387,4625.321579689704,0.0,7501.22143864598,579.1734837799718,1870.6868829337095,0.0,12702.818053596615,10832.131170662906,73.9619181946403,64.1200282087447,380.0,146.0,832.0,303.0,2330.0,3326.0,2919.0,143.0,120.0,5068.0,5841.0,410.0,-773.0
SE3,2021,7,726,57.853415977961454,18.864876033057854,-0.8026198347107442,-2.128418732782368,-0.18785261707988957,-0.5427892561983475,0.7890055096418731,-0.3052424242424234,-3.177878787878788,-3300.7352617079887,4659.333333333333,0.0,7378.5950413223145,513.6584022038568,2053.96694214876,0.0,11900.595041322315,9846.628099173553,79.67561983471077,64.43126721763085,389.0,130.0,763.0,302.0,2040.0,3462.0,2962.0,138.0,129.0,5149.0,5572.0,406.0,-423.0
SE3,2021,8,739,65.86369418132608,13.651826792963467,-0.1435507442489851,-1.7156441136671177,-0.03206359945872804,-0.46101353179972954,0.05197023004059544,-0.29490933694181315,-2.595201623815968,-2769.401488497969,4296.830852503383,0.0,7441.228687415426,510.21244925575104,2467.235453315291,0.0,12514.39648173207,10047.16102841678,79.25236806495263,66.99607577807849,423.0,141.0,820.0,326.0,2210.0,3217.0,3141.0,141.0,102.0,5146.0,5959.0,584.0,-813.0
SE3,2021,9,711,90.18863572433192,10.442475386779183,-0.888462728551336,-1.6691758087201123,-0.180150492264416,-0.21319971870604779,0.4236455696202533,-0.1702587904360056,-2.697569620253166,-2801.3030942334744,5171.616033755275,0.0,6997.371308016877,773.2165963431786,2947.818565400844,0.0,13539.92264416315,10592.104078762306,73.7454289732771,62.474964838256014,501.0,144.0,683.0,320.0,2230.0,3721.0,3429.0,152.0,71.0,5599.0,6275.0,623.0,-676.0
SE3,2021,10,734,64.71178474114441,7.786920980926431,-1.0318528610354223,-1.1587002724795643,-0.4067970027247956,-0.5627738419618529,-0.23801362397820194,-0.5402874659400551,-3.938376021798365,-4028.7742506811974,5888.017711171662,0.0,7267.848773841962,851.3542234332425,4289.273841961853,0.0,14720.772479564033,10431.49863760218,79.07697547683925,63.05245231607629,627.0,166.0,1008.0,387.0,2239.0,4369.0,4039.0,163.0,36.0,7067.0,6994.0,1027.0,73.0
SE3,2021,11,714,82.88067226890759,1.6843137254901959,-0.9160098039215683,-1.7543487394957977,-0.46990896358543416,-0.45225770308123253,0.25413725490196076,-0.4547324929971982,-3.793029411764707,-3890.9822128851533,6923.176470588235,0.0,8760.070028011205,1244.2254901960785,3807.8627450980393,0.0,17194.953781512606,13387.091036414566,73.87450980392157,60.41946778711485,838.0,233.0,1124.0,469.0,2294.0,4949.0,4806.0,177.0,16.0,7725.0,7979.0,798.0,-254.0
SE3,2021,12,735,175.6423945578231,-3.792244897959185,-0.4347442176870747,-1.7816965986394555,-0.25866394557823114,-0.4797768707482993,0.6753578231292519,-0.336363265306122,-2.6157374149659876,-2703.7458503401363,6781.6122448979595,4.10095238095238,9893.673469387755,1742.732789115646,3846.215510204082,2.002176870748299,19785.225850340135,15937.007619047616,70.1869387755102,61.626666666666644,1173.0,291.0,1010.0,578.0,2329.0,5015.0,6117.0,201.0,4.0,7993.0,9516.0,791.0,-1523.0
SE3,2022,1,737,101.25286295793758,-1.2799185888738127,-0.5816390773405699,-1.858664857530529,-0.3826635006784255,-0.6432062415196748,0.30832021709633634,-0.44800814111261905,-3.6058154681139767,-3670.1618724559034,6706.508819538671,0.16255088195386705,8336.325508819535,1467.8153324287657,5709.527272727273,5.5369063772048825,18990.442333785617,13275.37829036635,74.30040705563098,63.06336499321573,1044.0,320.0,851.0,536.0,2347.0,4957.0,5600.0,192.0,12.0,8057.0,8995.0,1193.0,-938.0
SE3,2022,2,661,73.23692889561269,-0.5476550680786687,-0.5756384266263235,-1.8163131618759456,-0.3388472012102872,-0.5966384266263239,-0.04103025718608168,-0.3179092284417546,-3.6864069591527984,-3769.3332829046917,6519.095310136157,2.643267776096824,9017.360816944025,1317.373676248109,5347.411951588501,21.75567322239032,18981.75945537065,13612.592738275342,76.31225416036312,64.67246596066568,878.0,306.0,815.0,479.0,2200.0,4349.0,4929.0,177.0,35.0,7138.0,8091.0,1061.0,-953.0
SE3,2022,3,737,122.92913161465403,1.8046132971506106,-1.3082700135685212,-1.2135970149253739,-0.49954274084124795,-0.5013283582089552,0.06847489823609228,-0.5021492537313429,-3.956397557666216,-3984.2040705563086,6946.50407055631,0.12876526458615972,8160.193622795116,1366.8229308005427,4291.983310719133,87.24776119402988,17285.50067842605,12917.663093622788,72.89613297150608,60.03249660786976,952.0,280.0,789.0,500.0,2361.0,5124.0,4912.0,189.0,120.0,7650.0,8242.0,665.0,-592.0
SE3,2022,4,707,86.33919377652055,3.6189533239038187,-0.7366350777934936,-1.0715021216407354,-0.3041810466760959,-0.4168401697312587,-0.385158415841584,-0.4304342291371992,-3.344717114568599,-3411.01640735502,6296.558274398869,0.22673267326732627,8042.653182461102,1175.6329561527582,3106.59900990099,126.18769448373406,15667.794908062235,12435.001980198025,72.18755304101839,60.00466760961811,787.0,209.0,699.0,412.0,2137.0,4490.0,4267.0,169.0,140.0,6704.0,7194.0,588.0,-490.0
SE3,2022,5,731,98.86421340629272,9.935704514363882,-1.108088919288646,-1.4598030095759233,-0.33831737346101187,-0.4837865937072501,0.09175649794801644,-0.45363474692202443,-3.7518235294117637,-3874.8529411764694,5086.8433652530775,0.1593707250342002,7036.9820793433655,869.1075239398086,3644.951983584132,168.386730506156,13349.601915184678,9536.26402188783,81.58481532147741,64.40861833105333,580.0,138.0,616.0,350.0,2220.0,3761.0,3472.0,158.0,166.0,5809.0,6338.0,686.0,-529.0
SE3,2022,6,711,119.59542897327704,16.311673699015465,-1.1648635724331924,-2.0780098452883258,-0.27327566807313614,-0.5980632911392404,0.8400351617440226,-0.44538115330520417,-3.719527426160338,-3820.9223628691975,5104.4676511954995,0.1398030942334744,7495.674120956398,559.449929676512,2547.7064697608994,196.16652601969056,12632.326300984529,9888.4517580872,81.74430379746835,64.30464135021097,399.0,136.0,500.0,328.0,2181.0,3677.0,2943.0,147.0,177.0,5209.0,5735.0,456.0,-526.0
SE3,2022,7,729,82.33990397805213,16.25733882030178,-1.5771330589849109,-2.3494279835390937,-0.4383004115226337,-0.7039465020576137,0.23911248285322365,-0.5747572016460908,-5.404363511659807,-5394.785048010974,5505.120576131687,0.14499314128943802,7613.663100137174,453.88175582990397,3008.613717421125,190.25020576131683,11807.312757201646,8608.449794238684,92.08696844993139,64.42345679012344,386.0,136.0,364.0,318.0,2037.0,4096.0,2808.0,139.0,180.0,5588.0,5438.0,562.0,150.0
SE3,2022,8,732,212.42498633879777,17.17527322404372,-1.3285683060109295,-2.0226830601092898,-0.4281065573770494,-0.6833920765027326,0.29964890710382514,-0.5766557377049185,-4.739771857923499,-4720.735928961746,5702.695355191257,1.488387978142079,7799.522814207649,494.34071038251415,2553.2464480874314,168.8821038251366,12346.688524590163,9624.558879781418,85.7642076502732,62.81051912568302,403.0,145.0,527.0,354.0,2135.0,4264.0,3022.0,149.0,180.0,5843.0,5805.0,469.0,38.0
SE3,2022,9,708,210.6305790960452,9.608615819209037,-0.4886822033898305,-1.402129943502825,-0.3684915254237286,-0.6249392655367237,-0.43842937853107344,-0.2029237288135592,-3.5256115819209044,-3428.498163841808,4675.771186440678,0.850988700564971,7937.403389830511,670.92895480226,2756.6927966101703,102.9501412429378,13057.449152542373,10197.808898305091,82.9399717514124,66.77810734463279,505.0,151.0,423.0,323.0,2054.0,3374.0,3210.0,154.0,123.0,4938.0,5892.0,513.0,-954.0
SE3,2022,10,736,75.99828804347825,8.307472826086961,-0.7082010869565217,-1.6140706521739132,-0.36420244565217397,-0.5924959239130437,-0.6695067934782613,-0.40847282608695573,-4.357073369565218,-4256.093885869564,5255.28125,0.18668478260869611,6602.214673913041,705.8865489130433,4516.024048913045,41.94959239130435,13095.66847826087,8537.694701086959,85.63328804347829,65.08396739130436,609.0,165.0,422.0,375.0,2096.0,3912.0,3642.0,163.0,66.0,5893.0,6441.0,884.0,-548.0
SE3,2022,11,711,119.9680168776371,3.8938115330520393,-0.5275091420534458,-2.3325836849507735,-0.3677918424753866,-0.5509212376933897,1.118129395218003,-0.5497468354430379,-3.2102827004219407,-3356.1541490857935,5585.316455696203,0.25189873417721553,8748.455133614625,1059.945428973277,3261.1970464135015,8.639943741209562,15758.164556962025,12488.324753867792,77.20506329113923,64.26821378340367,784.0,225.0,741.0,397.0,2182.0,4033.0,4135.0,174.0,16.0,6379.0,7113.0,805.0,-734.0
SE3,2022,12,725,248.56282758620705,-3.6561379310344826,-0.1335793103448276,-1.4323999999999997,-0.10512551724137933,-0.5000124137931033,0.5856468965517241,-0.26320689655172413,-1.8486510344827591,-2023.395310344827,5347.888275862069,1.2024827586206908,8863.258344827585,1624.1830344827586,4115.920413793103,3.260827586206897,18319.208275862067,14200.028137931027,71.38606896551723,64.91655172413792,1104.0,302.0,783.0,514.0,2201.0,3987.0,5462.0,196.0,4.0,6677.0,8675.0,799.0,-1998.0
SE3,2023,1,727,82.88841815680877,-0.23067400275103178,-0.5359587345254471,-1.1875433287482804,-0.286452544704264,-0.5418927097661622,-0.462632737276479,-0.4755763411279229,-3.4900563961485567,-3665.8920220082546,5785.518569463549,0.20577716643741428,8206.094773039891,1259.753370013755,5408.487207702888,6.076341127922971,17636.3507565337,12221.788720770284,77.22929848693258,65.58046767537829,891.0,327.0,942.0,493.0,2264.0,4311.0,4999.0,194.0,18.0,7180.0,8277.0,1018.0,-1097.0
SE3,2023,2,664,73.68298192771083,-1.0260542168674698,-0.9634081325301206,-1.7717213855421694,-0.40906927710843394,-0.6024066265060244,-0.16659789156626495,-0.5080045180722894,-4.421132530120482,-4269.981777108432,5745.296686746988,0.7249999999999975,8635.968072289157,1281.3237951807232,5848.934789156624,31.817469879518075,17609.317771084337,11728.56415662651,82.8418674698795,67.3057228915663,830.0,293.0,933.0,460.0,2102.0,3868.0,4525.0,179.0,60.0,6636.0,7559.0,945.0,-923.0
SE3,2023,3,734,71.96126702997275,-1.2776566757493186,-0.4097343324250681,-1.178367847411444,-0.3044536784741144,-0.42485013623978196,-0.5822493188010899,-0.46390190735694803,-3.3634822888283393,-3392.168528610354,5408.57901907357,0.12792915531335164,8813.75490463215,1312.6182561307905,4517.519073569483,76.28310626702999,17313.08719346049,12719.28188010899,77.57220708446866,66.37152588555858,904.0,313.0,1010.0,460.0,2279.0,4030.0,4955.0,195.0,91.0,6943.0,8202.0,908.0,-1259.0
SE3,2023,4,711,60.817398030942314,3.840506329113926,-0.926042194092827,-0.5007215189873416,-0.45112236286919843,-0.3656399437412095,-0.6086483825597748,-0.5182151898734179,-3.37034458509142,-3261.62517580872,5814.742475386779,0.3526019690576639,7636.664416315051,1000.9952180028127,2848.4295358649797,190.68902953586502,14576.790436005625,11537.672151898738,73.36652601969054,60.983122362869196,603.0,229.0,1010.0,370.0,2102.0,4171.0,3840.0,159.0,224.0,6551.0,6700.0,543.0,-149.0
SE3,2023,5,732,34.584754098360655,10.684289617486339,-0.6449494535519127,-0.2584795081967214,-0.296792349726776,-0.5847281420765025,-1.0392622950819674,-0.4971584699453547,-3.321232240437159,-3354.8091530054635,4258.656147540984,0.322267759562842,6759.082103825136,695.535655737705,3444.221038251366,334.1998633879781,12544.706284153006,8766.283333333333,84.25669398907105,68.06530054644809,451.0,152.0,954.0,350.0,2121.0,3147.0,3242.0,155.0,365.0,5464.0,6020.0,547.0,-556.0
SE3,2023,6,708,45.41104519774013,16.377683615819215,-1.1561680790960451,-0.46142372881355914,-0.15237994350282483,-0.6463036723163844,0.6157824858757062,-0.47961158192090436,-2.2801398305084737,-2214.9583333333344,4815.667655367232,0.16765536723163887,5431.47189265537,472.38163841807904,2635.600706214689,368.31709039548014,11931.007768361582,8927.086864406778,70.69858757062148,60.933192090395494,337.0,146.0,628.0,321.0,2070.0,3461.0,2800.0,139.0,358.0,5162.0,5476.0,378.0,-314.0
SE3,2023,7,734,32.30648501362398,15.497138964577658,-1.2040408719346047,-0.9940326975476834,-0.42617438692098086,-0.6987275204359689,0.8791294277929155,-0.5243119891008177,-2.968156675749319,-2986.82833787466,4867.310081743869,0.10463215258855603,5046.626021798365,414.6449591280653,2873.332970027247,283.6286103542233,11023.532697547684,7866.573841961852,74.30000000000001,60.39414168937331,347.0,142.0,821.0,293.0,1915.0,3616.0,2693.0,136.0,288.0,5805.0,5178.0,733.0,627.0
SE3,2023,8,737,31.176675712347347,14.841655359565802,-1.4224002713704216,-0.6173405698778832,-0.4617625508819539,-0.7061682496607881,0.4921492537313432,-0.5396540027137054,-3.2550515603799175,-3277.2772048846673,4507.656580732701,0.1742198100407056,7291.72727272727,369.21071913161455,2500.5139755766622,195.81370420624157,12110.219810040706,9413.89172320217,82.81289009497965,66.99728629579377,317.0,156.0,1287.0,365.0,2068.0,3362.0,2935.0,143.0,180.0,5652.0,5668.0,506.0,-16.0
SE3,2023,9,703,20.727596017069686,13.320483641536274,-1.0227894736842107,-0.5744523470839259,-0.3485533428165009,-0.20399999999999996,-0.07053200568990037,-0.5345348506401139,-2.7547624466571836,-2705.161877667142,3994.4822190611662,0.6318634423897579,6066.143812233288,354.8352773826459,4161.9648648648645,192.75120910384064,12541.731152204837,8187.008250355619,83.22446657183502,70.3041251778094,336.0,179.0,1043.0,307.0,2099.0,2878.0,2995.0,147.0,180.0,5224.0,5727.0,787.0,-503.0
SE3,2023,10,727,28.747771664374145,4.539477303988997,-1.1537042640990374,-1.0468211829436036,-0.5193755158184321,-0.5724044016506189,-0.30404264099037154,-0.28377166437414003,-3.8799683631361757,-3958.581017881705,5415.211829436039,0.28088033012379643,7926.91719394773,487.74429160935364,4505.327097661621,81.63507565337,15017.687757909216,10430.720632737275,83.82228335625858,67.91251719394774,412.0,290.0,1010.0,406.0,2135.0,4027.0,4096.0,173.0,115.0,6728.0,7100.0,1164.0,-372.0
SE3,2023,11,705,71.32478014184399,-0.179290780141844,-0.7109092198581561,-1.3603787234042553,-0.3227801418439716,-0.7058964539007097,-0.2939148936170214,-0.3264680851063828,-3.720154609929077,-3886.5401418439715,6609.309219858156,0.3965957446808503,9504.254184397158,1113.0200000000002,3967.7465248226936,15.023687943262404,17775.090780141843,13792.318581560286,76.14411347517728,63.28709219858156,742.0,299.0,1167.0,497.0,2192.0,4765.0,4872.0,186.0,23.0,7366.0,8046.0,669.0,-680.0
SE3,2023,12,735,70.21318367346939,-3.8719727891156466,0.17048843537414965,-1.4954380952380957,0.04993333333333332,-0.6205238095238099,-0.4082421768707484,-0.05002040816326533,-2.353819047619048,-2618.3540136054426,6645.302040816327,0.13469387755102033,9120.39782312925,1220.6180952380953,4106.914149659864,4.529251700680273,19061.77142857143,14950.32367346938,69.68367346938774,62.445306122449004,860.0,360.0,968.0,526.0,2186.0,4953.0,5720.0,197.0,5.0,7688.0,8989.0,902.0,-1301.0
SE3,2024,1,732,71.67974043715842,-4.739071038251367,-0.1088060109289618,-1.1366188524590162,-0.08500956284153004,-0.6476407103825143,-0.5687459016393445,-0.15361748633879774,-2.7003278688524586,-2878.1752732240434,6197.3005464480875,0.6872950819672126,8956.331967213113,1099.3352459016392,6363.378278688525,9.53456284153005,20351.271857923497,13978.360928961747,75.74658469945354,67.52650273224043,820.0,347.0,1012.0,554.0,2296.0,4609.0,6123.0,204.0,18.0,7705.0,9523.0,1245.0,-1818.0
SE3,2024,2,682,46.29206744868038,-1.1617302052785916,-0.7719457478005867,-0.7444120234604105,-0.26127272727272716,-0.6967228739002937,-0.7158651026392959,-0.40207184750733116,-3.5922155425219935,-3627.183137829911,6678.275366568914,0.4126099706744867,8663.473607038126,962.4020527859237,5609.355278592374,32.11202346041059,18900.856304985336,13259.38914956012,76.10014662756599,65.03123167155425,645.0,294.0,996.0,476.0,2201.0,4652.0,5044.0,187.0,47.0,7285.0,8202.0,945.0,-917.0
SE3,2024,3,728,52.52642857142858,1.4329670329670323,-0.9571002747252744,-1.457945054945055,-0.268888736263736,-0.4927225274725275,-0.4097335164835166,-0.35703296703296683,-3.9434217032967034,-4082.440659340658,6469.303571428572,0.36978021978021974,8819.485576923074,1092.354258241758,3690.651510989012,119.10892857142852,16756.899725274725,12947.137637362637,75.42239010989009,62.17472527472527,772.0,273.0,1184.0,442.0,2241.0,4819.0,4820.0,186.0,149.0,7763.0,7962.0,840.0,-199.0
SE3,2024,4,706,49.01824362606232,3.5688385269121805,-0.5726458923512746,-1.264888101983003,-0.14614447592067986,-0.46576487252124643,-0.3661048158640229,-0.28206515580736524,-3.097541076487251,-3193.4797450424926,5282.022662889518,0.32351274787535406,7643.592776203966,945.054532577904,3822.168980169971,216.88711048158638,15316.327195467422,11277.269971671387,76.80481586402266,65.14192634560906,643.0,238.0,1203.0,382.0,2176.0,3797.0,4204.0,169.0,225.0,6739.0,7169.0,871.0,-430.0
SE3,2024,5,729,20.456063100137175,13.397393689986284,-1.1288737997256515,-0.9590576131687246,-0.3837462277091905,-0.48909327846364864,-0.9219958847736626,-0.3611646090534976,-4.243792866941016,-4414.257750342934,4775.639231824417,0.7717421124828533,7676.177091906719,630.5159122085049,2851.993689986282,459.1080932784637,12507.448559670782,9196.345816186558,88.39711934156382,66.7744855967078,377.0,148.0,1008.0,325.0,2155.0,3558.0,3330.0,156.0,489.0,6025.0,6114.0,594.0,-89.0
SE3,2024,6,708,24.375197740113006,15.50028248587571,-1.0360790960451975,-0.27434463276836174,-0.24773022598870048,-0.6602457627118646,-0.7625861581920905,-0.41238418079096006,-3.3933234463276825,-2742.4009887005654,4817.822033898305,0.467231638418079,6022.930225988699,468.17118644067807,3026.218361581921,457.67104519774006,11903.898305084746,8420.00847457627,80.12401129943501,63.99774011299434,323.0,135.0,699.0,323.0,2059.0,3482.0,2952.0,145.0,421.0,5582.0,5614.0,656.0,-32.0
SE3,2024,7,724,18.048480662983415,16.86809392265193,-1.2152651933701661,-0.031048342541436517,-0.34184116022099453,-0.6951395027624315,-0.9811616022099449,-0.4755828729281755,-3.739918508287293,-3791.7691988950255,4883.2430939226515,0.4824585635359119,5921.720718232045,431.242955801105,2796.133977900554,409.6621546961327,11216.841160220994,8011.043508287292,81.78563535911599,63.0515193370166,310.0,123.0,1015.0,311.0,1868.0,3639.0,2906.0,143.0,383.0,5964.0,5352.0,616.0,612.0
SE3,2024,8,718,7.563899721448469,16.72994428969359,-1.1612325905292473,-0.773292479108635,-0.3665807799442895,-0.6924944289693592,-1.47474651810585,-0.2763440111420615,-4.7446685236768795,-4816.922284122564,5823.561977715877,0.9543175487465179,5743.542896935932,375.1147632311978,3989.807938718665,393.9668523676878,11974.111420612813,7590.339832869081,84.86643454038996,61.77785515320334,285.0,148.0,827.0,316.0,2079.0,4331.0,3089.0,144.0,352.0,6591.0,5776.0,795.0,815.0
SE3,2024,9,703,14.662617354196303,12.257325746799433,-1.1801792318634416,-0.6780227596017067,-0.13787339971550494,-0.6283172119487916,-1.0571977240398296,0.0,-3.681551920341393,-3711.4802275960174,4685.931721194879,0.5975817923186345,7062.993883357043,300.73869132290184,3775.6341394025617,284.02403982930286,12840.058321479373,8780.401849217635,86.9570412517781,68.8530583214794,267.0,184.0,902.0,300.0,2058.0,3393.0,3241.0,153.0,276.0,5371.0,5935.0,533.0,-564.0
SE3,2024,10,730,21.695636986301363,7.566164383561648,-1.4460904109589041,-0.5390054794520547,-0.37452191780821903,-0.48531095890410964,-1.3092999999999997,-0.046268493150684924,-4.200380821917809,-4168.765890410959,5345.578219178083,0.4889041095890414,7055.2135616438345,368.43726027397275,5249.659726027398,110.25547945205476,14412.075342465754,9052.161780821916,86.48547945205483,68.3549315068493,319.0,238.0,911.0,365.0,2073.0,3992.0,3941.0,168.0,147.0,6287.0,6785.0,918.0,-498.0
SE3,2024,11,713,58.28178120617111,1.9688639551192142,-1.3196605890603088,-0.7090687237026649,-0.4330785413744736,-0.5726185133239837,-0.7487391304347828,-0.41718513323983153,-4.200461430575037,-4238.09929873773,5677.410939691445,0.48316970546984717,7842.140182328192,722.2340813464235,6277.853997194951,30.615147265077102,16661.074333800843,10352.602805049091,85.46072931276292,68.64810659186537,599.0,272.0,891.0,469.0,2011.0,4104.0,4803.0,184.0,82.0,6780.0,7739.0,1103.0,-959.0
SE3,2024,12,728,51.1132692307693,0.1313186813186815,-1.4763502747252748,-0.5061263736263736,-0.5156923076923065,-0.6010439560439568,-0.7018296703296699,-0.41947527472527446,-4.220509615384617,-4225.014423076923,5798.729395604396,0.7835164835164835,7476.687087912085,782.7420329670329,7474.375824175828,8.18530219780221,17565.821428571428,10083.259752747246,85.90521978021977,69.27225274725276,657.0,323.0,904.0,523.0,2100.0,4330.0,5163.0,188.0,21.0,7260.0,8298.0,1347.0,-1038.0
SE3,2025,1,724,55.6892403314917,-0.8526243093922654,-1.4366685082872928,-0.7153093922651932,-0.43103729281767983,-0.5660400552486191,-0.18997790055248617,-0.424037292817679,-3.763081491712709,-4079.5523480662964,5801.723895027624,0.7756906077348056,9301.182458563533,874.1026243093924,6247.7232044198945,16.08743093922653,18920.31077348066,12656.497099447512,82.63038674033149,69.80400552486185,727.0,347.0,1083.0,546.0,2132.0,4332.0,5544.0,199.0,25.0,7392.0,8768.0,1225.0,-1376.0
SE3,2025,2,663,68.2876923076923,-2.2399698340874807,-1.506995475113122,-1.0332262443438913,-0.38072699849170477,-0.6028687782805433,0.028521870286576302,-0.5399079939668165,-4.035242835595777,-4244.427300150829,6789.365007541478,0.6369532428355961,9661.84660633484,1079.2825037707391,5002.39140271493,64.90346907993968,18957.3604826546,13890.068325791857,78.09260935143286,65.09562594268476,754.0,307.0,1033.0,502.0,1949.0,4577.0,5205.0,183.0,106.0,7188.0,8146.0,718.0,-958.0
SE3,2025,3,738,46.47619241192409,2.9776422764227655,-1.5242628726287266,-1.5520000000000003,-0.3023116531165314,-0.4600907859078592,-0.6063102981029812,-0.36932249322493155,-4.814399728997291,-4895.081029810299,6266.75081300813,0.8945799457994578,7786.292682926832,837.909214092141,5687.604471544715,230.50542005420056,16414.783197831977,10496.671951219512,83.78008130081301,65.57493224932254,666.0,261.0,1052.0,440.0,2102.0,4674.0,4877.0,184.0,303.0,7848.0,7864.0,1153.0,-16.0
SE3,2025,4,715,34.24539860139859,6.474265734265734,-1.426360839160839,-1.8104559440559445,-0.35838321678321666,-0.38761538461538453,-0.02914825174825173,-0.3614055944055942,-4.373338461538463,-4621.598181818182,5395.53986013986,0.9668531468531465,7690.857342657343,733.36951048951,4000.1299300699293,386.10335664335673,14225.351048951048,9839.1158041958,85.32573426573427,66.1674125874126,497.0,195.0,733.0,387.0,1972.0,3898.0,3917.0,162.0,390.0,6259.0,6633.0,742.0,-374.0
SE3,2025,5,737,39.510502035278144,8.83459972862958,-1.2128127544097693,-0.9431221166892813,-0.17593215739484397,-0.3917611940298508,-0.1522306648575305,-0.2598032564450475,-3.135655359565807,-3326.7830393487106,4447.935549525102,2.4103120759837178,5801.688059701493,612.8820895522388,4404.067028493892,447.7701492537313,12909.782903663501,8057.949253731342,82.90556309362285,67.51709633649926,447.0,183.0,430.0,352.0,1881.0,3328.0,3667.0,159.0,414.0,5552.0,6243.0,933.0,-691.0
SE3,2025,6,711,20.889859353023898,14.236286919831226,-1.2576244725738397,-0.8257468354430378,-0.2626469760900141,-0.21981997187060467,-0.13129817158931084,-0.33342756680731334,-3.030708860759494,-3250.921237693389,4478.367088607595,3.0932489451476815,5755.646694796061,369.3447257383967,3657.8859353023913,523.963853727145,12235.587904360056,8053.736849507736,81.59578059071731,66.94978902953586,281.0,142.0,410.0,335.0,1962.0,3233.0,3051.0,168.0,446.0,5236.0,5658.0,865.0,-422.0
SE3,2025,7,736,32.943165760869576,18.216440217391305,-1.447047554347826,-1.1561956521739127,-0.4861385869565213,-0.2924103260869564,-0.5013315217391305,-0.5085625000000007,-4.391745923913042,-4497.515217391302,4391.704891304347,2.8373641304347816,8032.851358695654,342.5139945652175,2071.3005434782604,501.5279891304348,11436.682065217392,8863.852853260865,92.97010869565213,69.03138586956524,270.0,128.0,728.0,347.0,1640.0,3285.0,3098.0,143.0,440.0,5238.0,5357.0,515.0,-119.0
SE3,2025,8,741,43.56327935222671,14.436032388663968,-0.8585384615384613,-1.3487287449392709,-0.19078272604588392,-0.39132658569500656,-0.24455195681511466,-0.22217813765182173,-3.256217273954117,-3441.0844804318494,3748.063832658569,2.6968960863697693,6896.731578947371,346.3686909581647,3571.8209176788127,451.2371120107964,12162.834008097167,8139.775303643727,90.41470985155196,72.56707152496628,316.0,151.0,790.0,348.0,1909.0,2814.0,3267.0,162.0,399.0,5023.0,5836.0,705.0,-813.0
SE3,2025,9,712,47.78608146067417,13.307162921348315,-0.45419522471910123,-1.070473314606742,-0.2693019662921346,-0.5257162921348314,-0.5211797752808989,-0.07908286516853934,-2.91998595505618,-3025.398735955056,3859.4676966292136,2.191432584269663,7144.991292134832,357.03918539325855,3648.865168539327,327.8271067415732,12860.366573033707,8883.674719101125,86.85070224719101,72.40323033707865,304.0,148.0,839.0,332.0,1874.0,2800.0,3364.0,150.0,248.0,4916.0,5868.0,725.0,-952.0
SE3,2025,10,544,55.568849264705875,6.568933823529413,-0.7154551470588233,-0.569389705882353,-0.14268216911764692,-0.409454779411765,-0.8849005514705884,-0.3873045955882355,-3.109343750000002,-3199.8577205882357,4367.498529411765,2.6374999999999997,7906.66507352941,595.8977941176471,4262.037499999999,103.69613970588233,14389.47794117647,10023.74044117647,85.70073529411766,71.05441176470588,447.0,198.0,983.0,401.0,1937.0,3271.0,4111.0,170.0,119.0,5716.0,6817.0,896.0,-1101.0
SE3,2025,11,719,63.224276634214185,2.6356050069541017,-1.2066847009735748,-1.2577141863699586,-0.14897079276773253,-0.6205848400556332,-0.3869799721835883,-0.4906357440890127,-4.111706675938807,-4126.119749652295,5700.933796940195,1.2200278164116833,9040.359666203058,857.7815020862307,4710.026147426984,29.379137691237823,16480.930458970794,11741.524756606399,84.72044506258695,67.60945757997219,658.0,259.0,1114.0,444.0,1874.0,4123.0,4875.0,182.0,34.0,6985.0,7633.0,1056.0,-648.0
SE3,2025,12,738,47.58032520325203,2.395257452574525,-1.5821376693766926,-1.373907317073171,-0.185865718157181,-0.47238956639566393,-1.0224578590785907,-0.5481199186991876,-5.18493455284553,-5334.562737127371,5961.36029810298,1.0914634146341466,9226.926693766938,971.7833333333332,5805.723441734416,10.597154471544702,17025.10162601626,11208.780758807587,88.85027100271,68.29986449864502,749.0,274.0,1152.0,477.0,1936.0,4452.0,5168.0,185.0,19.0,7619.0,8039.0,1247.0,-420.0
SE4,2021,1,733,49.76469304229196,0.2803547066848567,-0.23513778990450207,-1.621424283765348,-0.2339045020463845,-0.40318281036834913,1.302616643929059,-0.3379768076398362,-1.5289631650750342,-1871.1586630286502,6771.918144611187,0.0,10981.015006821282,1492.4297407912688,2276.893587994543,0.0,20344.0068212824,18067.11323328786,65.44638472032747,61.40572987721687,343.0,73.0,171.0,171.0,621.0,0.0,1845.0,28.0,4.0,842.0,2738.0,324.0,-1896.0
SE4,2021,2,665,53.929609022556384,-0.5927819548872181,0.41498345864661657,-1.845031578947368,0.028676691729323293,-0.4863654135338345,0.5378917293233082,-0.3919654135338343,-1.7416781954887217,-2097.278947368421,6967.013533834586,0.0,10291.448120300753,1445.8962406015037,3366.0496240601506,0.0,20675.48872180451,17309.43909774436,66.80375939849627,61.64075187969928,302.0,63.0,127.0,164.0,578.0,0.0,1775.0,28.0,11.0,801.0,2608.0,361.0,-1807.0
SE4,2021,3,733,45.097653478854035,3.936971350613917,-0.5391800818553889,-1.6072987721691678,-0.18097544338335603,-0.3021691678035469,-0.22618826739427003,-0.4784897680763978,-3.3341446111869035,-3480.5826739427007,6838.158253751705,0.0,8584.237380627557,1223.7639836289222,3949.5525238744885,0.0,17698.095497953615,13748.542974079126,71.18635743519783,60.65115961800817,284.0,58.0,133.0,151.0,646.0,0.0,1578.0,27.0,23.0,805.0,2460.0,365.0,-1655.0
SE4,2021,4,712,42.41575842696632,6.234971910112359,-0.6875702247191008,-1.7470716292134831,-0.4391390449438203,-0.2646811797752809,-0.6175196629213484,-0.4756011235955049,-4.2315491573033714,-4413.344382022473,6902.425561797752,0.0,8166.900280898876,1082.3244382022472,3696.0294943820227,0.0,16027.47191011236,12331.442415730337,74.1740168539326,59.54915730337078,221.0,47.0,112.0,133.0,593.0,0.0,1341.0,24.0,39.0,764.0,2138.0,392.0,-1374.0
SE4,2021,5,736,47.71176630434784,10.655163043478263,-0.6361956521739127,-1.4666467391304345,-0.2175067934782611,-0.1884347826086956,0.3425529891304348,-0.35349728260869595,-2.5197282608695644,-2769.3868206521747,5117.972826086957,0.0,8473.664402173914,828.9008152173913,2000.5584239130435,0.0,14201.679347826086,12201.120923913044,74.19687499999999,63.95258152173913,149.0,35.0,108.0,105.0,631.0,0.0,1082.0,23.0,38.0,521.0,1876.0,226.0,-1355.0
SE4,2021,6,710,73.09454929577466,17.59211267605634,-0.5736478873239436,-1.698576056338028,-0.07557464788732389,-0.21651126760563377,0.5221901408450702,-0.27464366197183077,-2.3167000000000013,-2569.7187323943667,4629.484507042253,0.0,7495.621126760563,578.6014084507042,1878.8267605633803,0.0,12702.519718309859,10823.692957746478,73.98760563380281,64.11112676056338,146.0,31.0,58.0,81.0,607.0,0.0,897.0,21.0,50.0,454.0,1637.0,200.0,-1183.0
SE4,2021,7,733,68.02650750341063,19.635470668485663,-0.7970272851296041,-2.1257980900409263,-0.18541746248294658,-0.5441746248294682,0.7993356070941334,-0.3044597544338328,-3.1575047748976814,-3284.2222373806267,4659.06275579809,0.0,7382.821282401092,515.6944065484311,2048.605729877217,0.0,11922.758526603002,9874.152796725784,79.52824010914054,64.42114597544337,153.0,28.0,39.0,88.0,532.0,0.0,915.0,21.0,47.0,458.0,1584.0,219.0,-1126.0
SE4,2021,8,736,83.77667119565221,16.019972826086956,-0.1455978260869565,-1.7116902173913047,-0.03225951086956524,-0.46127038043478275,0.04916847826086957,-0.29771059782608694,-2.5993464673913045,-2773.326902173914,4297.524456521739,0.0,7423.934782608696,508.5720108695652,2474.009510869565,0.0,12499.046195652174,10025.036684782608,79.259375,66.9686141304348,162.0,30.0,53.0,91.0,576.0,0.0,962.0,21.0,44.0,577.0,1680.0,318.0,-1103.0
SE4,2021,9,707,120.61282885431395,14.677369165487978,-0.8848953323903819,-1.661687411598303,-0.17699434229137187,-0.2153026874115983,0.4193224893917965,-0.16630975954738325,-2.685831683168316,-2787.277793493637,5167.288543140028,0.0,7000.704384724187,775.4172560113154,2955.0254596888262,0.0,13556.657708628005,10601.63224893918,73.73663366336632,62.511173974540306,239.0,31.0,59.0,93.0,580.0,0.0,1032.0,22.0,33.0,620.0,1758.0,289.0,-1138.0
SE4,2021,10,735,86.44897959183672,10.598775510204081,-1.0300068027210885,-1.160333333333333,-0.40539727891156446,-0.5624421768707479,-0.23452108843537423,-0.5401863945578234,-3.9328353741496613,-4026.059183673469,5891.144217687075,0.0,7272.975510204082,852.3768707482993,4287.238095238095,0.0,14734.810884353741,10447.572789115646,79.0274829931973,63.04748299319729,248.0,36.0,117.0,136.0,584.0,0.0,1267.0,25.0,20.0,847.0,2048.0,462.0,-1201.0
SE4,2021,11,707,111.76592644978786,6.551768033946252,-0.9154568599717112,-1.750882602545969,-0.4697807637906649,-0.454193776520509,0.24842149929278645,-0.45332814710042385,-3.7951173974540326,-3892.94441301273,6923.261669024046,0.0,8745.31117397454,1243.2913719943424,3823.4823196605375,0.0,17192.263083451202,13368.780763790664,73.89137199434231,60.421923620933526,302.0,50.0,158.0,141.0,598.0,0.0,1416.0,27.0,8.0,888.0,2232.0,420.0,-1344.0
SE4,2021,12,733,181.9347885402455,1.1765347885402453,-0.4314461118690315,-1.7792810368349252,-0.25839563437926316,-0.47830968622100956,0.6759645293315144,-0.33499590723055916,-2.60631377899045,-2696.952660300136,6781.177353342428,3.98949522510232,9900.272578444747,1743.2309686221006,3837.1347885402465,1.996043656207367,19791.63165075034,15952.500272851295,70.15416098226466,61.62305593451566,402.0,62.0,170.0,171.0,606.0,0.0,1830.0,31.0,4.0,1024.0,2700.0,448.0,-1676.0
SE4,2022,1,732,106.60122950819672,3.5079234972677598,-0.5800546448087434,-1.8571885245901638,-0.3800928961748633,-0.6427896174863392,0.3102773224043715,-0.4484726775956287,-3.5982704918032784,-3662.2140710382505,6708.523224043716,0.16352459016393422,8356.738934426232,1469.8028688524594,5699.57199453552,5.593169398907103,19010.74043715847,13305.575136612018,74.28073770491805,63.07267759562839,355.0,57.0,168.0,160.0,578.0,0.0,1707.0,28.0,12.0,1171.0,2530.0,636.0,-1359.0
SE4,2022,2,663,79.36229260935141,3.567420814479639,-0.583755656108597,-1.813419306184012,-0.3402277526395168,-0.595512820512821,-0.04067269984917043,-0.319695324283559,-3.693310708898943,-3774.158069381599,6519.907993966817,2.840573152337857,9014.418702865762,1316.6671191553546,5351.625490196078,21.60573152337859,18973.262443438914,13600.032126696831,76.34856711915535,64.67466063348417,301.0,54.0,180.0,137.0,543.0,0.0,1513.0,25.0,21.0,1128.0,2272.0,626.0,-1144.0
SE4,2022,3,732,145.59677595628418,3.5905737704918037,-1.3076857923497271,-1.215087431693989,-0.49951502732240405,-0.5007076502732241,0.07413797814207661,-0.5025327868852456,-3.951378415300546,-3977.853415300546,6946.461065573771,0.12909836065573757,8166.117349726776,1366.8650273224039,4292.658196721311,87.06024590163932,17295.16393442623,12926.917213114752,72.88818306010931,60.044330601092895,355.0,50.0,173.0,145.0,582.0,0.0,1570.0,29.0,68.0,927.0,2376.0,331.0,-1449.0
SE4,2022,4,712,110.02495786516856,6.730337078651688,-0.74364606741573,-1.068134831460674,-0.3040674157303368,-0.41789325842696634,-0.37636657303370774,-0.43123033707865127,-3.34130617977528,-3407.7630617977525,6296.4644662921355,0.22542134831460706,8049.6129213483155,1175.7609550561795,3091.7453651685396,126.17275280898875,15665.61095505618,12447.686516853939,72.14452247191012,59.98778089887643,257.0,37.0,132.0,115.0,527.0,0.0,1335.0,24.0,72.0,854.0,2038.0,393.0,-1184.0
SE4,2022,5,733,132.9969986357435,11.94665757162346,-1.1186452933151434,-1.4551418826739422,-0.3404679399727147,-0.484388813096862,0.08969713506139125,-0.4545634379263298,-3.7634611186903126,-3884.8518417462474,5086.254433833561,0.15907230559345198,7033.160027285131,869.7979536152797,3659.749931787176,168.30341064120054,13348.99045020464,9520.937653478855,81.66944065484316,64.43151432469304,237.0,25.0,67.0,103.0,547.0,0.0,1104.0,23.0,80.0,746.0,1802.0,362.0,-1056.0
SE4,2022,6,710,170.2452112676056,16.176056338028175,-1.1646535211267606,-2.076487323943662,-0.2735507042253517,-0.5976253521126763,0.8386112676056338,-0.4434563380281691,-3.71712676056338,-3819.3185915492945,5103.383802816901,0.17380281690140864,7485.304507042254,559.6132394366192,2552.1216901408443,196.5692957746479,12627.80985915493,9879.1176056338,81.72732394366197,64.29718309859156,211.0,23.0,46.0,98.0,537.0,0.0,962.0,22.0,81.0,581.0,1642.0,243.0,-1061.0
SE4,2022,7,726,115.90742424242427,17.551652892561986,-1.579348484848485,-2.3470564738292015,-0.43864187327823684,-0.7045771349862264,0.23622038567493117,-0.5755716253443532,-5.40888292011019,-5397.643801652893,5509.679752066115,0.1454545454545458,7606.388567493111,453.32327823691446,3017.678099173554,189.06790633608807,11808.067493112947,8601.32245179063,92.08526170798899,64.40688705234159,176.0,24.0,28.0,112.0,502.0,0.0,909.0,21.0,91.0,650.0,1568.0,355.0,-918.0
SE4,2022,8,738,290.09295392953936,18.73062330623307,-1.3284932249322483,-2.0234119241192414,-0.42685501355013533,-0.6830582655826564,0.30545392953929523,-0.5762940379403801,-4.732672086720868,-4714.660975609759,5702.765582655827,1.4775067750677564,7797.0939024390245,494.340921409214,2545.1201897018977,170.07913279132794,12344.750677506776,9629.550135501357,85.70176151761518,62.78983739837395,237.0,26.0,20.0,108.0,525.0,0.0,986.0,22.0,92.0,551.0,1667.0,202.0,-1116.0
SE4,2022,9,709,222.46665726375178,13.144569816643159,-0.4898293370944994,-1.4042101551480966,-0.3661918194640336,-0.6251607898448515,-0.4404682651622002,-0.20354866008462608,-3.5294217207334277,-3434.3232722143853,4676.901269393512,0.8458392101551485,7937.0506346967595,671.1480959097322,2761.57461212976,103.4403385049365,13057.93370944993,10192.921579689702,82.97559943582507,66.78349788434416,244.0,27.0,18.0,89.0,507.0,0.0,1012.0,22.0,69.0,678.0,1657.0,347.0,-979.0
SE4,2022,10,741,76.76361673414306,11.856545209176794,-0.7045222672064779,-1.6163738191632928,-0.3628609986504723,-0.5914561403508771,-0.668085020242915,-0.4081956815114702,-4.351622132253711,-4248.196491228072,5256.164642375169,0.18677462887989255,6609.945748987855,707.0793522267207,4507.865047233467,42.58650472334683,13104.0,8553.54858299595,85.5846153846154,65.07678812415655,215.0,29.0,45.0,103.0,517.0,0.0,1104.0,24.0,43.0,783.0,1777.0,480.0,-994.0
SE4,2022,11,717,124.01857740585776,7.181868898186889,-0.5259358437935843,-2.334147838214784,-0.3676861924686194,-0.5513221757322181,1.1232580195258026,-0.5501380753138078,-3.2058312412831236,-3352.169456066945,5586.538354253836,0.25062761506276143,8757.21059972106,1061.5156206415616,3259.4327754532774,8.660529986053,15773.545327754533,12505.449232914925,77.17907949790794,64.27266387726638,235.0,41.0,61.0,118.0,538.0,0.0,1244.0,26.0,16.0,795.0,1967.0,483.0,-1172.0
SE4,2022,12,734,248.6164986376022,0.8362397820163489,-0.13294959128065392,-1.4313269754768394,-0.10353133514986376,-0.5027261580381472,0.5652670299727518,-0.26449999999999996,-1.8697411444141692,-2043.9779291553134,5350.365122615804,1.0662125340599478,8837.174659400544,1624.5775204359672,4143.031471389647,3.264168937329701,18303.207084468664,14156.912397820157,71.44523160762942,64.91049046321524,354.0,53.0,70.0,140.0,542.0,0.0,1577.0,29.0,4.0,895.0,2341.0,467.0,-1446.0
SE4,2023,1,735,93.40236734693879,3.5394557823129253,-0.5370503401360543,-1.180536054421769,-0.2856448979591837,-0.542008163265306,-0.46158911564625854,-0.4768000000000003,-3.483629931972789,-3663.240544217687,5785.593197278911,0.2046258503401361,8205.225986394556,1260.2853061224491,5400.92149659864,5.884489795918369,17635.672108843537,12228.867755102037,77.18761904761902,65.56421768707484,322.0,58.0,206.0,138.0,558.0,0.0,1487.0,29.0,12.0,1159.0,2270.0,619.0,-1111.0
SE4,2023,2,660,91.78183333333332,2.894848484848486,-0.9550772727272726,-1.7766939393939394,-0.4087878787878788,-0.6038227272727278,-0.17174696969696965,-0.5088893939393944,-4.424942424242423,-4273.312424242426,5745.306060606061,0.728787878787876,8652.91439393939,1281.2059090909092,5839.573636363634,32.582575757575746,17613.359090909093,11741.201363636366,82.88166666666666,67.32136363636369,285.0,52.0,194.0,134.0,518.0,0.0,1371.0,27.0,38.0,1021.0,2102.0,504.0,-1081.0
SE4,2023,3,735,81.57810884353744,3.498231292517007,-0.40903673469387763,-1.1790666666666667,-0.3067020408163265,-0.42415374149659846,-0.5911224489795919,-0.46399727891156434,-3.3740054421768706,-3401.502993197279,5410.9687074829935,0.128027210884354,8814.181768707484,1312.6691156462587,4525.395646258504,76.79632653061225,17313.60544217687,12711.410476190475,77.61374149659866,66.3774149659864,284.0,55.0,198.0,127.0,562.0,0.0,1439.0,29.0,65.0,1075.0,2212.0,528.0,-1137.0
SE4,2023,4,716,65.21217877094972,7.335614525139663,-0.9226997206703914,-0.4984958100558661,-0.449223463687151,-0.3639762569832402,-0.6219148044692737,-0.5177039106145256,-3.37397346368715,-3262.5209497206683,5822.393715083799,0.35083798882681344,7624.176256983243,1000.802374301676,2855.5378491620113,191.44022346368718,14574.32122905028,11527.343435754192,73.34608938547481,60.94371508379886,250.0,41.0,172.0,104.0,518.0,0.0,1170.0,24.0,126.0,949.0,1856.0,401.0,-907.0
SE4,2023,5,733,64.83166439290588,12.19195088676671,-0.646776261937244,-0.25842019099590713,-0.296049113233288,-0.5852182810368346,-1.037787175989086,-0.495421555252387,-3.319540245566168,-3352.1279672578453,4254.245975443383,0.32864938608458427,6744.687721691679,693.1664392905867,3448.076261937244,334.2795361527968,12531.028649386084,8748.671077762618,84.25279672578448,68.06548431105045,198.0,27.0,68.0,103.0,523.0,0.0,1041.0,23.0,188.0,831.0,1717.0,377.0,-886.0
SE4,2023,6,706,88.67453257790369,17.10439093484419,-1.1603399433427763,-0.4564589235127477,-0.1532067988668555,-0.6464263456090652,0.6151926345609068,-0.48254532577903636,-2.283821529745043,-2216.2822946175634,4819.862181303117,0.16756373937677105,5431.156232294618,471.8888101983003,2634.4288951841368,366.6776203966005,11925.487252124645,8924.377762039661,70.69305949008496,60.90679886685551,158.0,26.0,29.0,89.0,510.0,0.0,906.0,21.0,175.0,586.0,1552.0,224.0,-966.0
SE4,2023,7,735,35.82172789115648,16.85020408163266,-1.207119727891157,-0.9985931972789116,-0.42630884353741494,-0.6995714285714294,0.8836190476190476,-0.5252625850340138,-2.973239455782313,-2991.315646258503,4868.157278911564,0.1043537414965987,5053.58149659864,415.01034013605454,2871.702040816327,285.14040816326525,11025.409523809523,7868.569659863949,74.34965986394556,60.41374149659864,151.0,25.0,47.0,100.0,472.0,0.0,861.0,20.0,153.0,822.0,1479.0,471.0,-657.0
SE4,2023,8,733,41.48275579809003,16.674351978171906,-1.423735334242837,-0.6191609822646658,-0.46181582537517063,-0.7065034106412021,0.48956753069577075,-0.5391473396998642,-3.2606671214188268,-3282.8144611186917,4509.23042291951,0.1750341064120056,7285.112960436561,369.9918144611186,2500.9448840382,198.22373806275584,12103.793997271487,9404.624965893589,82.81487039563439,66.97680763983628,159.0,28.0,123.0,113.0,510.0,0.0,952.0,21.0,109.0,712.0,1624.0,321.0,-912.0
SE4,2023,9,704,43.75894886363637,16.641903409090904,-1.0235980113636365,-0.5737656249999998,-0.34893465909090926,-0.20452698863636368,-0.06994602272727271,-0.5358806818181813,-2.7565539772727266,-2707.122585227273,3993.6576704545455,0.6311079545454541,6065.775710227273,354.83977272727276,4160.349573863635,193.28196022727272,12537.532670454546,8183.894460227274,83.23622159090911,70.30468749999999,160.0,32.0,103.0,97.0,517.0,0.0,941.0,22.0,111.0,741.0,1609.0,367.0,-868.0
SE4,2023,10,730,31.055123287671236,10.031095890410958,-1.1478287671232879,-1.0465753424657531,-0.5176493150684934,-0.5719630136986301,-0.3069205479452057,-0.28307945205479423,-3.8738684931506837,-3954.1813698630135,5415.353424657535,0.27999999999999975,7920.418219178086,487.48178082191777,4505.08479452055,81.65589041095886,15018.453424657535,10431.707397260274,83.77273972602738,67.90178082191781,192.0,51.0,145.0,128.0,526.0,0.0,1191.0,26.0,53.0,1073.0,1922.0,683.0,-849.0
SE4,2023,11,715,73.19232167832168,3.8618181818181827,-0.7209636363636364,-1.3467342657342662,-0.32486013986013984,-0.7055300699300704,-0.29903776223776246,-0.3262153846153846,-3.7231524475524456,-3893.0254545454536,6610.219580419581,0.392867132867132,9495.47426573426,1110.0075524475526,3967.3079720279734,15.366573426573419,17762.485314685313,13779.808391608392,76.14461538461539,63.278741258741256,270.0,53.0,178.0,145.0,540.0,0.0,1474.0,28.0,28.0,926.0,2240.0,450.0,-1314.0
SE4,2023,12,733,71.19010914051842,2.5133697135061395,0.16530695770804918,-1.4913137789904505,0.04800272851296042,-0.6204433833560714,-0.40817735334242833,-0.05185675306957707,-2.35850068212824,-2622.8283765347887,6644.266030013642,0.1351978171896319,9125.997407912686,1221.2941336971348,4105.6084583901775,4.51336971350614,19060.683492496588,14950.557571623463,69.7137789904502,62.4555252387449,295.0,64.0,179.0,145.0,539.0,0.0,1641.0,29.0,9.0,1166.0,2418.0,683.0,-1252.0
SE4,2024,1,741,74.50017543859649,-0.168421052631579,-0.11536302294197039,-1.1274183535762479,-0.0887719298245614,-0.6477058029689615,-0.5882334682861,-0.15357624831309039,-2.7209581646423757,-2895.5659919028344,6196.713900134952,0.681646423751685,8921.214170040486,1097.2180836707148,6398.735762483131,9.569770580296884,20329.61673414305,13921.31282051282,75.8272604588394,67.53346828609988,288.0,61.0,185.0,167.0,566.0,0.0,1854.0,30.0,22.0,1281.0,2679.0,785.0,-1398.0
SE4,2024,2,687,50.96780203784569,3.840465793304223,-0.7733377001455605,-0.7482037845705972,-0.2602066957787481,-0.6972590975254738,-0.7099112081513832,-0.4013289665211059,-3.5901775836972347,-3622.21615720524,6678.940029112081,0.411353711790393,8674.722416302766,964.0144104803497,5602.133915574965,31.46433770014559,18906.457059679768,13272.858806404654,76.10000000000001,65.03071324599709,253.0,59.0,205.0,137.0,543.0,0.0,1480.0,28.0,37.0,1078.0,2247.0,582.0,-1169.0
SE4,2024,3,734,56.234986376021816,4.807493188010899,-0.9468623978201635,-1.472873297002725,-0.2666566757493188,-0.4945245231607628,-0.3913542234332426,-0.3573365122615802,-3.9296035422343314,-4068.9384196185283,6468.33514986376,0.3686648501362397,8852.885831062671,1093.8704359673027,3658.03501362398,118.16866485013614,16769.858310626703,12993.652588555859,75.37493188010897,62.174659400544954,264.0,55.0,190.0,128.0,552.0,0.0,1431.0,28.0,89.0,1034.0,2195.0,491.0,-1161.0
SE4,2024,4,702,54.43990028490028,7.77037037037037,-0.5800427350427351,-1.261534188034188,-0.15129059829059818,-0.4646709401709403,-0.3691168091168088,-0.283594017094017,-3.110178062678063,-3202.087321937321,5285.918803418804,0.3233618233618233,7644.711965811965,945.6874643874648,3836.6319088319083,216.4240740740741,15323.464387464388,11270.407834757832,76.86752136752136,65.15227920227919,219.0,48.0,177.0,105.0,536.0,0.0,1210.0,26.0,131.0,981.0,1924.0,454.0,-943.0
SE4,2024,5,736,43.571005434782606,15.330842391304346,-1.130372282608696,-0.9490991847826081,-0.3818179347826083,-0.4878858695652172,-0.9262459239130433,-0.3611711956521734,-4.236452445652175,-4405.002038043477,4776.09375,0.7690217391304353,7659.289266304351,630.7229619565218,2864.6160326086947,460.6211956521737,12514.408967391304,9189.171059782611,88.32065217391305,66.76236413043475,167.0,30.0,86.0,95.0,531.0,0.0,999.0,24.0,238.0,887.0,1679.0,395.0,-792.0
SE4,2024,6,710,55.922549295774644,15.675774647887318,-1.0368507042253523,-0.2761774647887324,-0.2473309859154929,-0.6614830985915499,-0.7646676056338026,-0.4118816901408448,-3.3983422535211267,-2751.7570422535205,4817.421126760563,0.4683098591549297,6023.779859154928,469.44225352112693,3034.1981690140847,462.14535211267605,11912.61971830986,8416.276056338033,80.17676056338024,64.02647887323944,163.0,27.0,52.0,99.0,508.0,0.0,926.0,22.0,197.0,796.0,1582.0,384.0,-786.0
SE4,2024,7,729,37.82914951989025,16.984224965706446,-1.2213909465020576,-0.031282578875171475,-0.3422633744855965,-0.694914951989027,-0.9749958847736625,-0.47696707818929923,-3.7416954732510272,-3797.1979423868293,4883.7064471879285,0.49451303155006865,5930.978875171467,430.1507544581617,2795.04609053498,404.78038408779145,11217.820301783264,8017.991769547325,81.80836762688617,63.06515775034291,167.0,25.0,103.0,104.0,461.0,0.0,920.0,22.0,198.0,821.0,1531.0,354.0,-710.0
SE4,2024,8,724,40.96983425414362,17.814088397790055,-1.1609613259668508,-0.77867817679558,-0.36517127071823174,-0.6923356353591159,-1.4711187845303857,-0.2779295580110498,-4.746174033149172,-4819.24129834254,5824.253729281768,0.9537292817679551,5756.420718232043,376.33397790055255,3976.8127071823224,398.5567679558009,11979.552486187846,7604.185911602207,84.86270718232043,61.78273480662981,147.0,30.0,71.0,104.0,513.0,0.0,955.0,22.0,187.0,760.0,1624.0,355.0,-864.0
SE4,2024,9,706,27.33890934844193,15.5084985835694,-1.1812152974504249,-0.6807322946175637,-0.1365467422096317,-0.6272762039660064,-1.053337110481586,0.0,-3.679073654390934,-3705.748725212466,4687.519830028328,0.59900849858357,7063.661756373936,301.17818696883853,3774.7334277620407,285.94164305949016,12850.128895184136,8789.455665722378,86.90524079320112,68.84815864022663,161.0,37.0,57.0,95.0,507.0,0.0,996.0,23.0,145.0,735.0,1659.0,372.0,-924.0
SE4,2024,10,730,28.496518219178075,10.509315068493152,-1.4498698630136984,-0.5410520547945205,-0.3751342465753424,-0.48520273972602723,-1.3026739726027396,-0.04684246575342465,-4.2006589041095905,-4169.526438356164,5348.911917808219,0.489452054794521,7063.536164383561,369.57972602739727,5245.436986301373,110.6231506849315,14420.964383561644,9064.905616438358,86.46191780821914,68.34520547945205,160.0,48.0,94.0,111.0,511.0,0.0,1174.0,25.0,83.0,846.0,1869.0,508.0,-1023.0
SE4,2024,11,711,73.5591983122363,6.074542897327709,-1.324284106891702,-0.7033938115330525,-0.4346230661040791,-0.5736610407876233,-0.7505668073136429,-0.4159803094233472,-4.202613220815754,-4240.127004219409,5677.362869198312,0.4841068917018293,7827.695569620257,721.6863572433191,6281.782841068919,31.067229254571014,16648.957805907172,10336.105485232072,85.44655414908577,68.63220815752463,204.0,55.0,90.0,133.0,496.0,0.0,1388.0,28.0,32.0,853.0,2099.0,527.0,-1246.0
SE4,2024,12,737,60.53602442333788,4.516146540027135,-1.4843175033921303,-0.500537313432836,-0.5180040705563083,-0.6008805970149262,-0.6947652645861595,-0.42116146540027083,-4.219658073270017,-4223.497421981004,5798.925373134329,0.7807327001356852,7487.376662143826,781.6830393487113,7450.710719131617,8.089145183175045,17554.2605156038,10095.459972862956,85.89525101763905,69.25793758480326,276.0,65.0,123.0,150.0,518.0,0.0,1510.0,28.0,14.0,1073.0,2271.0,660.0,-1198.0
SE4,2025,1,726,66.30891184573001,2.466666666666667,-1.4250647382920119,-0.7270220385674931,-0.4330743801652893,-0.5697644628099178,-0.1889435261707989,-0.4267493112947651,-3.7706308539944917,-4091.7533057851224,5802.965702479339,0.7382920110192828,9313.911570247936,872.3413223140495,6257.667355371899,15.54807162534436,18935.899449035813,12662.680991735535,82.68278236914598,69.83650137741046,272.0,70.0,206.0,160.0,531.0,0.0,1667.0,30.0,19.0,1173.0,2458.0,677.0,-1285.0
SE4,2025,2,667,91.94632683658173,1.1845577211394303,-1.5035637181409294,-1.0291124437781105,-0.38192503748125967,-0.6034377811094457,0.01808995502248875,-0.538343328335831,-4.038335832083959,-4246.414092953523,6789.940029985008,0.6353823088455778,9650.056521739132,1078.6901049475262,5015.766716641681,65.41229385307349,18954.484257871063,13873.307796101948,78.1193403298351,65.09910044977508,285.0,62.0,154.0,147.0,483.0,0.0,1552.0,28.0,61.0,872.0,2272.0,372.0,-1400.0
SE4,2025,3,737,55.06792401628222,5.292808683853459,-1.5255169606512897,-1.5497259158751697,-0.3049470827679785,-0.46178561736770696,-0.6021085481682497,-0.37101085481682466,-4.815196743554953,-4895.679511533243,6268.970284938941,0.8947082767978287,7784.816417910447,837.1008141112621,5681.407462686569,229.50746268656724,16408.15739484396,10497.241112618718,83.75725915875168,65.55725915875168,242.0,52.0,118.0,135.0,532.0,0.0,1459.0,28.0,160.0,1069.0,2206.0,547.0,-1137.0
SE4,2025,4,713,53.04688639551189,9.369705469845723,-1.4247924263674614,-1.8085301542777004,-0.3589018232819073,-0.38832538569424946,-0.034769985974754496,-0.360534361851332,-4.375814866760169,-4623.084712482469,5391.9691444600285,0.9677419354838707,7688.782187938291,732.7527349228611,4006.7541374474044,386.45820476858347,14226.071528751752,9832.857363253856,85.36100981767179,66.19410939691448,203.0,39.0,60.0,109.0,466.0,0.0,1169.0,25.0,192.0,744.0,1808.0,290.0,-1064.0
SE4,2025,5,734,55.10027247956406,11.575613079019076,-1.2087861035422338,-0.9420068119891011,-0.17399318801089916,-0.39210081743869196,-0.15860354223433254,-0.2627384196185286,-3.138222070844686,-3328.250136239783,4450.348092643052,2.421117166212534,5803.561852861036,612.5136239782016,4406.985149863761,450.5594005449592,12915.611716621253,8058.070708446864,82.93297002724798,67.52370572207087,166.0,37.0,28.0,101.0,469.0,0.0,1048.0,24.0,161.0,797.0,1679.0,442.0,-882.0
SE4,2025,6,710,37.14999999999999,15.759718309859156,-1.2547450704225356,-0.826085915492958,-0.26347887323943664,-0.21594366197183085,-0.1383070422535211,-0.333319718309859,-3.0320267605633795,-3253.287323943661,4478.077464788732,3.0843661971830993,5765.4045070422535,368.8197183098591,3657.734929577465,520.5974647887324,12237.788732394367,8059.454929577465,81.64408450704224,66.9683098591549,160.0,28.0,28.0,88.0,480.0,0.0,904.0,25.0,191.0,919.0,1526.0,540.0,-607.0
SE4,2025,7,736,41.36926630434782,18.82296195652174,-1.4490230978260872,-1.154682065217391,-0.4852826086956518,-0.29202853260869566,-0.5012500000000001,-0.5075108695652185,-4.389835597826085,-4497.303124999998,4389.791847826086,2.830570652173914,8032.414945652175,342.27744565217387,2071.7126358695655,500.19836956521755,11435.51222826087,8863.600407608696,92.96576086956524,69.03926630434786,135.0,26.0,37.0,91.0,413.0,0.0,908.0,22.0,170.0,649.0,1460.0,307.0,-811.0
SE4,2025,8,733,65.59384720327424,17.091678035470675,-0.8557326057298769,-1.3458267394270123,-0.1911268758526603,-0.39174079126875816,-0.2470286493860846,-0.22115825375170522,-3.2527216916780355,-3437.018826739427,3750.139563437926,2.697680763983627,6898.9626193724425,346.580491132333,3566.201364256481,452.05457025920873,12164.472032742155,8146.215552523874,90.38717598908593,72.55320600272852,153.0,30.0,22.0,91.0,489.0,0.0,947.0,25.0,172.0,678.0,1582.0,331.0,-904.0
SE4,2025,9,714,63.95613445378152,15.101540616246501,-0.45507703081232503,-1.0629537815126051,-0.27026750700280094,-0.5252647058823527,-0.5322857142857141,-0.07805042016806726,-2.923934173669469,-3028.0033613445376,3858.2535014005603,2.1869747899159675,7121.071568627452,356.49383753501405,3670.0876750700295,329.6379551820728,12851.761904761905,8852.03655462185,86.89565826330531,72.40826330532212,173.0,30.0,34.0,88.0,506.0,0.0,969.0,23.0,107.0,747.0,1615.0,434.0,-868.0
SE4,2025,10,553,63.81398426763109,9.686799276672696,-0.7206200723327305,-0.5680757685352622,-0.143806871609403,-0.4128877034358049,-0.8825267631103074,-0.3906728752260399,-3.1187441229656407,-3207.2182640144674,4368.289692585896,2.609764918625678,7871.217540687159,595.4141048824595,4274.697830018083,102.03399638336347,14353.285714285714,9976.54990958409,85.74683544303795,71.00958408679928,229.0,40.0,48.0,107.0,521.0,0.0,1180.0,26.0,52.0,806.0,1873.0,478.0,-1067.0
SE4,2025,11,720,73.40148388888889,5.370694444444444,-1.2069029166666667,-1.2584295833333334,-0.1487638888888885,-0.6191826388888889,-0.3836355555555556,-0.490632361111111,-4.107683472222221,-4122.546805555553,5701.1755555555565,1.221388888888889,9040.445416666667,858.6830555555556,4711.488611111112,29.338611111111106,16487.797222222223,11746.96972222222,84.6991666666667,67.60833333333338,271.0,52.0,86.0,140.0,503.0,0.0,1445.0,28.0,17.0,871.0,2167.0,497.0,-1296.0
SE4,2025,12,744,59.51490013440863,4.738978494623657,-1.5839520161290321,-1.3829184139784951,-0.1861168010752683,-0.47336922043010743,-1.03386438172043,-0.5473100806451621,-5.207591129032261,-5356.891935483869,5960.654435483872,1.0880376344086022,9222.913575268818,972.6272849462364,5818.464650537635,10.57970430107526,17010.822580645163,11181.777956989245,88.98615591397846,68.31209677419356,281.0,55.0,114.0,136.0,485.0,0.0,1549.0,28.0,8.0,999.0,2253.0,596.0,-1254.0
